archive,original_path,original_bytes,original_sha256,release_path,release_sha256,action,encoding
DE_final_project.zip,DE_final_project/RGB_YCbCr_v2(filtering)/BRAMCtrl.v,1525,a91d39918be1d1f784cb28e7594328b60999b5c4b667f17555e9bc3176a7c150,rtl/BRAMCtrl.v,a91d39918be1d1f784cb28e7594328b60999b5c4b667f17555e9bc3176a7c150,retained; UTF-8/LF normalization only,utf-8
DE_final_project.zip,DE_final_project/RGB_YCbCr_v2(filtering)/CIS_IF.v,2703,6519355df7824eb44bc83b870754acf620ee6c61034e5cedd56fe190aedad571,rtl/CIS_IF.v,269c5c09289b319be49369d56b2a535ae6e51a7091c58722f8701b8929d96d38,retained; UTF-8/LF normalization only,utf-8
DE_final_project.zip,DE_final_project/RGB_YCbCr_v2(filtering)/conv.v,3191,b70e9df3995d19fe01476e5ff230734a6bdb601dfb59f0934b49a809c73ab46d,rtl/conv.v,5ff02c4e40e9212e5414f9740db4c72479ca8ae84197d5b32658fe1920648958,retained; UTF-8/LF normalization only,utf-8
DE_final_project.zip,DE_final_project/RGB_YCbCr_v2(filtering)/filtering.v,2672,0734062b078dfa3b20a21e26f622714227e2bcc0c9541110581d4ae7f528b70a,rtl/filtering.v,540ac5e53bc446964643b547c5df34ed6c4320d86d1eebbd417dbe9fb6c21023,retained; UTF-8/LF normalization only,utf-8
DE_final_project.zip,DE_final_project/RGB_YCbCr_v2(filtering)/filtering_v1.cr.mti,6903,328c41a37f24dbed2d06a84588735a7ae1ad2c7434265eb731f2058190e8fd40,,,excluded: generated build/simulator/IDE artifact or historical output,
DE_final_project.zip,DE_final_project/RGB_YCbCr_v2(filtering)/filtering_v1.mpf,30710,b63f390f2604f7d1c0107819b38dafc4d80864a5731757c9daa97a3331c4cf68,,,excluded: historical IDE project metadata; setup facts documented separately,
DE_final_project.zip,DE_final_project/RGB_YCbCr_v2(filtering)/g2m.v,386,3c04d8f53e0cf53e2bf8f7163ca9e8e65ffe98b4852775db451028a747925473,rtl/g2m.v,0d9f0e58edd76959c66ff0903b29c3f5a0f7c07bb5e930c7312de110e3257676,retained; UTF-8/LF normalization only,cp949
DE_final_project.zip,DE_final_project/RGB_YCbCr_v2(filtering)/horizontal.v,2149,d61e18f12eb8cb6844d8ac788d1cb4b0cb7da0e5631053df6d3c537f8b0c6748,rtl/horizontal.v,f6b1475db4b1859ee0132f259c79dfcce20fd87551c04919be22442338f2d18b,retained; UTF-8/LF normalization only,utf-8
DE_final_project.zip,DE_final_project/RGB_YCbCr_v2(filtering)/I2C.ngc,34167,b21eaf761da871728a7f05d6a61d74f2e8632aaaef2f79a118ce0ca749e89025,,,excluded: compiled I2C netlist; source/license provenance not supplied,
DE_final_project.zip,DE_final_project/RGB_YCbCr_v2(filtering)/I2C.v,330,476ca9cfe72810a92539cba2e839313eacc74bc724a13e0b16147db21d9e793e,rtl/I2C.v,8a131f6566703124eefae042c9131c43f96bcea540885079f3f019b784209210,retained; UTF-8/LF normalization only,cp949
DE_final_project.zip,DE_final_project/RGB_YCbCr_v2(filtering)/i2cset.v,3486,0120ced7fae707bf88ef0c1f525ac8c8f3ab5e243cd796fc7fe9de212fcc1253,rtl/i2cset.v,6a53be8b5cbd65a0dec22a2a19032e9dcd62aa80e1f12f68c34c4e01f985780c,retained; UTF-8/LF normalization only,cp949
DE_final_project.zip,DE_final_project/RGB_YCbCr_v2(filtering)/i2c_top.v,851,77c81672648c934d98371c4e4f3bb0c678104488a28ac0975ba1eab51703ae5f,rtl/i2c_top.v,54a25f22cfbd8ffc9be37b95fd1bddc43e3ddcd532793bf3905257e7e82cf914,retained; UTF-8/LF normalization only,cp949
DE_final_project.zip,DE_final_project/RGB_YCbCr_v2(filtering)/line_ram.v,295,e56117cfc6b8fc34f71b31f877c22b960901502086ebc9ba2afc0f53362226b5,archive/memory_models/line_ram.v,2912efa2513ef01b506e992b03efbf244a328e8384d04d481ff2c21a227fa425,retained; UTF-8/LF normalization only,utf-8
DE_final_project.zip,DE_final_project/RGB_YCbCr_v2(filtering)/main_mem.v,290,913205e1286ecd619890ec48c3b46fe324451c0521814d8c701954d0cfc95965,archive/memory_models/main_mem.v,be420f6d0fc6e9a3f03e113c274becf5b71c8a6fa1f1dff3a1614a74e998e22e,retained; UTF-8/LF normalization only,utf-8
DE_final_project.zip,DE_final_project/RGB_YCbCr_v2(filtering)/packing.v,1873,0bfa9583378054a02a16e609ed4155069ba90384a1c578ddde55b182608114b9,rtl/packing.v,b729d6861b3160b8c21dd6d47314fb8f06b2e2a4d03530ba1bf1af97cfd3624f,retained; UTF-8/LF normalization only,utf-8
DE_final_project.zip,DE_final_project/RGB_YCbCr_v2(filtering)/packing_unpakcing.v,712,f3ba6e32176e533bcf789b1fc869842ee9e868661a75df3e33c3fd874a484243,rtl/packing_unpakcing.v,f3ba6e32176e533bcf789b1fc869842ee9e868661a75df3e33c3fd874a484243,retained; UTF-8/LF normalization only,utf-8
DE_final_project.zip,DE_final_project/RGB_YCbCr_v2(filtering)/R_2_Y.v,2307,55988e114ca6d55b784cc9feb57bb54edb3920448ee066adca8e498d84db49c4,rtl/R_2_Y.v,abf3e4f6c5bf90f7d5cb7c2ba22a93ca69f9921b3d3d3984121f5ce1602db1a8,retained; UTF-8/LF normalization only,utf-8
DE_final_project.zip,DE_final_project/RGB_YCbCr_v2(filtering)/tb_packing_unpackin.v,5598,c068e2a35c6c7aa4dbd02da8086d3f20982f15946f522f810b4efaee6614dc7c,sim/original/tb_packing_unpackin.v,1a968061462f8c78e8411b26b714e9b096f8d81b943f48d766d9b15b472fb38f,retained; UTF-8/LF normalization only,utf-8
DE_final_project.zip,DE_final_project/RGB_YCbCr_v2(filtering)/tb_process.v,1776,fd76167e982a200e36dcf05d1038fc5d023ec496751e5fe6b267db0955a6f7e1,sim/original/tb_process.v,647429bec7689cbe7db3bf78794fcef9c9bb95ae763c104dc7432ad0c8519209,retained; UTF-8/LF normalization only,utf-8
DE_final_project.zip,DE_final_project/RGB_YCbCr_v2(filtering)/tb_TFTLCDCtrl.v,1085,7fd84c57bc2cd97580d168aa0e8cf390990ff417ed6f5a2d80a1c9371d2adabf,sim/original/tb_TFTLCDCtrl.v,a4181222f068f4f143113d02bb19ca2ea1a6ad79e7758c9543a24142023989a3,retained; UTF-8/LF normalization only,utf-8
DE_final_project.zip,DE_final_project/RGB_YCbCr_v2(filtering)/TFTLCDCtrl.v,2382,edbd31261a0888ba56e0079e6141ecd20456e09197600dfe86dfa1d7dd80bbeb,rtl/TFTLCDCtrl.v,edbd31261a0888ba56e0079e6141ecd20456e09197600dfe86dfa1d7dd80bbeb,retained; UTF-8/LF normalization only,utf-8
DE_final_project.zip,DE_final_project/RGB_YCbCr_v2(filtering)/top.v,2358,1e5ad6a4a453be024e19af28bd52a912198bcc8b24f1cff0bee53d07b5dccc63,rtl/top.v,1e5ad6a4a453be024e19af28bd52a912198bcc8b24f1cff0bee53d07b5dccc63,retained; UTF-8/LF normalization only,utf-8
DE_final_project.zip,DE_final_project/RGB_YCbCr_v2(filtering)/top.xdc,3342,cb1763ee63e12409dd37b9ddcb35800dc7209c5d15c2d00fbafc0dfaa9678868,constraints/top.xdc,452be79d11c269fbae0e85032670c4a5a44ae394ebffdee3a36c4a7f920af930,retained; UTF-8/LF normalization only,utf-8
DE_final_project.zip,DE_final_project/RGB_YCbCr_v2(filtering)/transcript,26574,0d12af01dca7762714cf61d1308ac97689bf2d127ca830e0b6126bd7e161e77e,,,excluded: generated build/simulator/IDE artifact or historical output,
DE_final_project.zip,DE_final_project/RGB_YCbCr_v2(filtering)/Unpacking.v,3560,c9a508979e9ca0c81cd8ceb731079a76162e93e1c857298e20f9513ed7dd3720,rtl/Unpacking.v,bf34c313021f54259dc974eb93fa7af2721b065f24f9bae791e13bf42cf25c61,retained; UTF-8/LF normalization only,utf-8
DE_final_project.zip,DE_final_project/RGB_YCbCr_v2(filtering)/vertical.v,1090,c77da9d3e29382311677e0ceded41bfb1b687a910108d0c7b164a89e5bbe336a,rtl/vertical.v,c77da9d3e29382311677e0ceded41bfb1b687a910108d0c7b164a89e5bbe336a,retained; UTF-8/LF normalization only,utf-8
DE_final_project.zip,DE_final_project/RGB_YCbCr_v2(filtering)/vsim.wlf,114688,f0df75d72e97668efb13cc328bbe27b0755c3eeb7f5b31e0b23dd7680a08e88d,,,excluded: generated build/simulator/IDE artifact or historical output,
DE_final_project.zip,DE_final_project/RGB_YCbCr_v2(filtering)/wlft0gmvtv,49152,43c66f2bb9f89a1ec4b9e15065e9de3e44aa6751cef3f0cf33e84d3126984162,,,excluded: generated build/simulator/IDE artifact or historical output,
DE_final_project.zip,DE_final_project/RGB_YCbCr_v2(filtering)/wlft94n75w,131072,c2982766f21ead45e22222270181588c61970891443f41eee33d5b5eb6dea6be,,,excluded: generated build/simulator/IDE artifact or historical output,
DE_final_project.zip,DE_final_project/RGB_YCbCr_v2(filtering)/wlftj8jn9j,49152,5b3e586f6f322eaaa3c5664599ac86692e5a21bc45ed7ffefe5631bfa90848ef,,,excluded: generated build/simulator/IDE artifact or historical output,
DE_final_project.zip,DE_final_project/RGB_YCbCr_v2(filtering)/wlftkca3hg,49152,21bb54beab513075591e22049164b4c5d9b6478ad67b73e747caabc4b84fd5cd,,,excluded: generated build/simulator/IDE artifact or historical output,
DE_final_project.zip,DE_final_project/RGB_YCbCr_v2(filtering)/wlftm6xh96,57344,f49d69f219cdfd29c083a868bd01a0b56450327106ded157b6b48d5d623a80f5,,,excluded: generated build/simulator/IDE artifact or historical output,
DE_final_project.zip,DE_final_project/RGB_YCbCr_v2(filtering)/wlftwcfx11,106496,f360e033429f816a243b9f66fb55f275135a65275235d5fdfd7afc7e05d7841f,,,excluded: generated build/simulator/IDE artifact or historical output,
DE_final_project.zip,DE_final_project/RGB_YCbCr_v2(filtering)/wlftyq85ef,57344,eefe6601d4780fcd7e8217d526150abe92fe2293b64c57fd235f1d4aaa97f431,,,excluded: generated build/simulator/IDE artifact or historical output,
DE_final_project.zip,DE_final_project/RGB_YCbCr_v2(filtering)/wlftz55iqz,352256,4d31d5cf2a5ea89b4759720c5a2b8333eee493d2e03f93d17b0bdfb9bd340c5f,,,excluded: generated build/simulator/IDE artifact or historical output,
DE_final_project.zip,DE_final_project/RGB_YCbCr_v2(filtering)/work/_info,12477,c3e2b95b81606562fbad9cf98e05c9af2a1b92ee662f24f43f3a045ca4875a7e,,,excluded: generated build/simulator/IDE artifact or historical output,
DE_final_project.zip,DE_final_project/RGB_YCbCr_v2(filtering)/work/_lib.qdb,49152,8f6f7c727da0634f7a325dfe9d822ecdc97b22186a652eb88e0ea8064cc4c124,,,excluded: generated build/simulator/IDE artifact or historical output,
DE_final_project.zip,DE_final_project/RGB_YCbCr_v2(filtering)/work/_lib1_10.qdb,32768,99aad772276ae398b100d76be64fe09a91cf5a843793dff763eed13034d30484,,,excluded: generated build/simulator/IDE artifact or historical output,
DE_final_project.zip,DE_final_project/RGB_YCbCr_v2(filtering)/work/_lib1_10.qpg,409600,40645d43870b8cfd9c4992936abaa8c44e2362c694a623f323c78e4fc56ef2f5,,,excluded: generated build/simulator/IDE artifact or historical output,
DE_final_project.zip,DE_final_project/RGB_YCbCr_v2(filtering)/work/_lib1_10.qtl,266611,69be64d8ab276628121c9cd03c22b343f8b0ce1e12ec657325a026195aa8ba70,,,excluded: generated build/simulator/IDE artifact or historical output,
DE_final_project.zip,DE_final_project/RGB_YCbCr_v2(filtering)/work/_vmake,29,d287f8a335408d3f94fea840ad628f2cbed3775952c49131049ef8f60fd337c9,,,excluded: generated build/simulator/IDE artifact or historical output,
DE_final_project.zip,DE_final_project/RGB_YCbCr_v2(filtering)/Y_2_R.v,1977,ab6e3c018eab4e6b598f1df676fad7838557f5c84313ae33231bf6cd7a3d1035,rtl/Y_2_R.v,58503fac984d532279eba0009174d662c22aa4146cf025b22e2d6b04f983271a,retained; UTF-8/LF normalization only,utf-8
DE_c.zip,DE_c/DE_c_fixed/DE_fixed/.vs/DE_fixed/FileContentIndex/27877ae4-ff66-4773-a60f-585f5572ef31.vsidx,15475,ab7211188f3f239abc02b819087bd9d98e7c2a87f9c788e472fd83d61e47d3ae,,,excluded: generated build/simulator/IDE artifact or historical output,
DE_c.zip,DE_c/DE_c_fixed/DE_fixed/.vs/DE_fixed/FileContentIndex/b1d31f00-3eb0-40ff-9286-b1a32c26a074.vsidx,7912,82c21df635604ac873bb6fbe1b2988ba044b492b40204b632ac4da2dcdb377f2,,,excluded: generated build/simulator/IDE artifact or historical output,
DE_c.zip,DE_c/DE_c_fixed/DE_fixed/.vs/DE_fixed/FileContentIndex/cc1765ef-1561-48a4-8f6c-30a15bff0cde.vsidx,3547,bbb20f0dd453181d83d95bbe3f540d513abfb958e7b7529aceae1002aa78a33f,,,excluded: generated build/simulator/IDE artifact or historical output,
DE_c.zip,DE_c/DE_c_fixed/DE_fixed/.vs/DE_fixed/FileContentIndex/read.lock,0,e3b0c44298fc1c149afbf4c8996fb92427ae41e4649b934ca495991b7852b855,,,excluded: generated build/simulator/IDE artifact or historical output,
DE_c.zip,DE_c/DE_c_fixed/DE_fixed/.vs/DE_fixed/v17/.suo,44032,1aee85f13a397c3a5a8fed024642dfa65eca53ded3a985c43217e3c83c20023e,,,excluded: generated build/simulator/IDE artifact or historical output,
DE_c.zip,DE_c/DE_c_fixed/DE_fixed/.vs/DE_fixed/v17/Browse.VC.db,33398784,bd7716e59ed4e53904aea73487885cfbd4729d4d61bcbc9d4fabdc58f84a98b3,,,excluded: generated build/simulator/IDE artifact or historical output,
DE_c.zip,DE_c/DE_c_fixed/DE_fixed/.vs/DE_fixed/v17/ipch/AutoPCH/153f54cb63e4aa0c/MAIN.ipch,47513600,44c208a544e025ed4d4dbc84b713e22b004aa891d9d913e30b6b5e38f524be3d,,,excluded: generated build/simulator/IDE artifact or historical output,
DE_c.zip,DE_c/DE_c_fixed/DE_fixed/.vs/DE_fixed/v17/ipch/AutoPCH/a6eaa8a3a10c4ef/READ_IMAGE.ipch,47513600,5f23d63ecd9cc6f64f0c8d4f23256472b477b3ea2a117b188348833e4bcbeb65,,,excluded: generated build/simulator/IDE artifact or historical output,
DE_c.zip,DE_c/DE_c_fixed/DE_fixed/.vs/DE_fixed/v17/ipch/AutoPCH/e0efc25ab6588087/FILTERING.ipch,47775744,6c9d63389acc07b2e334a9a073ce2a18d965885b539edf8282a036463ba7c2a0,,,excluded: generated build/simulator/IDE artifact or historical output,
DE_c.zip,DE_c/DE_c_fixed/DE_fixed/.vs/DE_fixed/v17/ipch/AutoPCH/f71d7adbf2479df6/RGB_TO_YCC.ipch,47513600,e922e1d912d8d97a1a1bf0b57340304e6ead4386d90c394c17d26d309c39c0f0,,,excluded: generated build/simulator/IDE artifact or historical output,
DE_c.zip,DE_c/DE_c_fixed/DE_fixed/DE_fixed/DE_fixed.vcxproj,6810,8713a4e6c2577a37ad124ca835ae5b06f8fcc88e318ac43686b90c8c44ede5b5,,,excluded: historical IDE project metadata; setup facts documented separately,
DE_c.zip,DE_c/DE_c_fixed/DE_fixed/DE_fixed/DE_fixed.vcxproj.filters,1388,d4699b966ed6c6907459dfa9f9c1335b85c52d729b619c1c1ea3a41465dbbae6,,,excluded: historical IDE project metadata; setup facts documented separately,
DE_c.zip,DE_c/DE_c_fixed/DE_fixed/DE_fixed/DE_fixed.vcxproj.user,168,c06a75b13f855a94d46616796e024c52b499f8f92cf00ccb571ddbc6ff574676,,,excluded: historical IDE project metadata; setup facts documented separately,
DE_c.zip,DE_c/DE_c_fixed/DE_fixed/DE_fixed/DE_fixed_image.bmp,327414,be66b79f7f0bb9734061795b4fcc95918c90d9326fe89fbda20c5c6a971f0672,,,excluded: original sample media or derived image data; retained in input ZIP,
DE_c.zip,DE_c/DE_c_fixed/DE_fixed/DE_fixed/DE_fixed_image_1.bmp,327414,be66b79f7f0bb9734061795b4fcc95918c90d9326fe89fbda20c5c6a971f0672,,,excluded: original sample media or derived image data; retained in input ZIP,
DE_c.zip,DE_c/DE_c_fixed/DE_fixed/DE_fixed/DE_fixed_image_2.bmp,327414,568ae0013ddecff0a172dcd3102c5b71d774732d0ef7ed194f30837f0d776907,,,excluded: original sample media or derived image data; retained in input ZIP,
DE_c.zip,DE_c/DE_c_fixed/DE_fixed/DE_fixed/DE_image_1.bmp,327414,9619be942a0817ada68e21b83891ff10a83ea91bdc41dad91d657aca29f8af5b,,,excluded: original sample media or derived image data; retained in input ZIP,
DE_c.zip,DE_c/DE_c_fixed/DE_fixed/DE_fixed/filtering.c,2691,a56e40d16f07f8865595466a784daa1c3dc1a89b46bc65de061d788ce7e4d1f4,reference/c/fixed_point/filtering.c,95969c37c9ea0e6668694e431e2a9b122e78ed5cb4ceb9ed2f2bdf6383a8f091,retained; UTF-8/LF normalization only,utf-8
DE_c.zip,DE_c/DE_c_fixed/DE_fixed/DE_fixed/lena.bmp,327414,80415cd495bbf9d203bece6b1473ee111d14551c13ad0fd6abfd6cad310985bb,,,excluded: original sample media or derived image data; retained in input ZIP,
DE_c.zip,DE_c/DE_c_fixed/DE_fixed/DE_fixed/main.c,340,c87489acd01934e5078c2bdc67a7bbd3439686a9c175e09ed262daf64c489706,reference/c/fixed_point/main.c,ac1d007f833f6b1b19e5d3b7742c365ce267233bb9a52ec653692140da042526,retained; UTF-8/LF normalization only,utf-8
DE_c.zip,DE_c/DE_c_fixed/DE_fixed/DE_fixed/main.h,616,25c14b54d72d2545d92321dae90c6d982ed8bf2f71539b5ae2eb178b6965365d,reference/c/fixed_point/main.h,2cebfbcaa6ce4bca07814a3fcdfcf09b629d83a1fec76af8ced0a848f60edd07,retained; UTF-8/LF normalization only,utf-8
DE_c.zip,DE_c/DE_c_fixed/DE_fixed/DE_fixed/read_image.c,1410,cc36a665ee6faa3d6a08a8d6efabc6d3a15283ff9a0fa25902b62f2d8aa529c8,reference/c/fixed_point/read_image.c,7fa1d62c1bc39b657db55c7ea9a10eaf6875de22c0f0319ba2ad0d62989a0f2f,retained; UTF-8/LF normalization only,cp949
DE_c.zip,DE_c/DE_c_fixed/DE_fixed/DE_fixed/RGB_to_YCC.c,3843,a19d0f829aa65fc8d817ff9e3565d07b6b1a538831ee3ba45249041921fc4c20,reference/c/fixed_point/RGB_to_YCC.c,d3e26e5cd21a17b5ef09dc49baf56d7d63d4214f8f7965005bb3426ab0bb06de,retained; UTF-8/LF normalization only,utf-8
DE_c.zip,DE_c/DE_c_fixed/DE_fixed/DE_fixed/x64/Debug/DE_fixed.exe.recipe,313,8608f9fb7586c897ed2b2bc2a24e35448f34e62621da1cce72e5b48509ae59eb,,,excluded: generated build/simulator/IDE artifact or historical output,
DE_c.zip,DE_c/DE_c_fixed/DE_fixed/DE_fixed/x64/Debug/DE_fixed.ilk,757872,4e024852536a9a69c489af844a95cb6cc19b915003961111255b1c5a3454335d,,,excluded: generated build/simulator/IDE artifact or historical output,
DE_c.zip,DE_c/DE_c_fixed/DE_fixed/DE_fixed/x64/Debug/DE_fixed.log,112,64032c9d29c20724f2e08bb7427c0c580f2fcd6558067321fa179c4585c6e1ab,,,excluded: generated build/simulator/IDE artifact or historical output,
DE_c.zip,DE_c/DE_c_fixed/DE_fixed/DE_fixed/x64/Debug/DE_fixed.tlog/CL.command.1.tlog,3174,a5603b2c12914cd9175dd4085e247f7cb13124a5cb59e500496e3e239c2801fc,,,excluded: generated build/simulator/IDE artifact or historical output,
DE_c.zip,DE_c/DE_c_fixed/DE_fixed/DE_fixed/x64/Debug/DE_fixed.tlog/Cl.items.tlog,598,ba9127cdf196593a4f6559e155e99a51ee4b9b2efc4d53e91335379b3e70eb56,,,excluded: generated build/simulator/IDE artifact or historical output,
DE_c.zip,DE_c/DE_c_fixed/DE_fixed/DE_fixed/x64/Debug/DE_fixed.tlog/CL.read.1.tlog,105270,902e9fae9d77d3dc1be1359bd99147e48ea81b22b0951fb92d0f59b3e1e909bb,,,excluded: generated build/simulator/IDE artifact or historical output,
DE_c.zip,DE_c/DE_c_fixed/DE_fixed/DE_fixed/x64/Debug/DE_fixed.tlog/CL.write.1.tlog,5480,314bf75618936fd3571a0466b6a2bfe6f7e9b08a2dfb12eb3c7d52db8dea0117,,,excluded: generated build/simulator/IDE artifact or historical output,
DE_c.zip,DE_c/DE_c_fixed/DE_fixed/DE_fixed/x64/Debug/DE_fixed.tlog/DE_fixed.lastbuildstate,177,ad2657b1430882baa1f9358842f31cbadcd51d13cc2dae40dfbfc3cb21c95c97,,,excluded: generated build/simulator/IDE artifact or historical output,
DE_c.zip,DE_c/DE_c_fixed/DE_fixed/DE_fixed/x64/Debug/DE_fixed.tlog/link.command.1.tlog,1994,b87bff94e0f94efaf9a9f215f2770c9ec57ae08c9d09fdb32f0504b5010fde5b,,,excluded: generated build/simulator/IDE artifact or historical output,
DE_c.zip,DE_c/DE_c_fixed/DE_fixed/DE_fixed/x64/Debug/DE_fixed.tlog/link.read.1.tlog,4374,d711f96d2f106442e134c0328b380f3c689a4ed5e752682e9c215e623d125151,,,excluded: generated build/simulator/IDE artifact or historical output,
DE_c.zip,DE_c/DE_c_fixed/DE_fixed/DE_fixed/x64/Debug/DE_fixed.tlog/link.write.1.tlog,1098,94b4afe09b6eb00322a04d087f9bb8792c540b24f6638783b3b42dd11360e60c,,,excluded: generated build/simulator/IDE artifact or historical output,
DE_c.zip,DE_c/DE_c_fixed/DE_fixed/DE_fixed/x64/Debug/filtering.obj,60095,c10798087e9d6ceacf28b1ccb08e95ac028da937b77cf25b9226638575cab920,,,excluded: generated build/simulator/IDE artifact or historical output,
DE_c.zip,DE_c/DE_c_fixed/DE_fixed/DE_fixed/x64/Debug/main.obj,51020,9f60d5d38c73ebba9565aec3bba481b56a8e7950acace4d187946cdc2a2a3a71,,,excluded: generated build/simulator/IDE artifact or historical output,
DE_c.zip,DE_c/DE_c_fixed/DE_fixed/DE_fixed/x64/Debug/read_image.obj,59862,6eece5b8686a9789c54258470ed0f6d331d02af15d43deeca292d25344267da1,,,excluded: generated build/simulator/IDE artifact or historical output,
DE_c.zip,DE_c/DE_c_fixed/DE_fixed/DE_fixed/x64/Debug/RGB_to_YCC.obj,64276,e078ff6d16dcc70f8d1a61116a950d428e3334cce348a9681908bd725ec7b656,,,excluded: generated build/simulator/IDE artifact or historical output,
DE_c.zip,DE_c/DE_c_fixed/DE_fixed/DE_fixed/x64/Debug/rgb_to_ycc.obj.enc,62777,7063dd4b0a76ded2f97678845515d6c2f1ddf8cca0d5ab18d18c06cb985e1a33,,,excluded: generated build/simulator/IDE artifact or historical output,
DE_c.zip,DE_c/DE_c_fixed/DE_fixed/DE_fixed/x64/Debug/vc143.idb,429056,87c5e06e4d60df4dd83ba33d7531aa088ab065663f1dd4dc722bc5d29a30b95c,,,excluded: generated build/simulator/IDE artifact or historical output,
DE_c.zip,DE_c/DE_c_fixed/DE_fixed/DE_fixed/x64/Debug/vc143.pdb,110592,ac23b7167d6874ccc7396922e37dfea002d50fd7b0a36b021f652d46af7d0491,,,excluded: generated build/simulator/IDE artifact or historical output,
DE_c.zip,DE_c/DE_c_fixed/DE_fixed/DE_fixed.sln,1445,260a631a7efaba0caad3d324af362aad84b2b351043817d0ec69c0e510b70cb4,,,excluded: historical IDE project metadata; setup facts documented separately,
DE_c.zip,DE_c/DE_c_fixed/DE_fixed/x64/Debug/DE_fixed.exe,76800,173bdee70c61313806216121284544dc07a8c9eb82bfe78b4c08f08305630f5f,,,excluded: generated build/simulator/IDE artifact or historical output,
DE_c.zip,DE_c/DE_c_fixed/DE_fixed/x64/Debug/DE_fixed.pdb,1536000,1630eca61e5492bc7141191e9216e4c83b33f8f32cb58404deda0c7ffc3e9a7c,,,excluded: generated build/simulator/IDE artifact or historical output,
DE_c.zip,DE_c/DE_c_ver2/.vs/DE_c_ver2/FileContentIndex/4be9e61e-4564-4f2f-ad5b-6c429e3a95c2.vsidx,2413,9f8d3f38aefb50ab3b18064de7d45869e101aa95ec3a2b970585331373c335d7,,,excluded: generated build/simulator/IDE artifact or historical output,
DE_c.zip,DE_c/DE_c_ver2/.vs/DE_c_ver2/FileContentIndex/5f16e1ad-d626-4c4b-a352-efe3fdcf2bd6.vsidx,15455,3c724d1200d619508bfeebbcf54bd3d2c95fdebdad9d8518535394e9871eebe1,,,excluded: generated build/simulator/IDE artifact or historical output,
DE_c.zip,DE_c/DE_c_ver2/.vs/DE_c_ver2/FileContentIndex/cf74fe3d-77e5-4317-894c-1c53764b9769.vsidx,7904,cb353338c2ce3097d58dc91db67a7ed9df6629c980df0dc7bbd6503b30fdfe70,,,excluded: generated build/simulator/IDE artifact or historical output,
DE_c.zip,DE_c/DE_c_ver2/.vs/DE_c_ver2/FileContentIndex/read.lock,0,e3b0c44298fc1c149afbf4c8996fb92427ae41e4649b934ca495991b7852b855,,,excluded: generated build/simulator/IDE artifact or historical output,
DE_c.zip,DE_c/DE_c_ver2/.vs/DE_c_ver2/v17/.suo,44544,d735f7ad399e4c3fb9b12528cb654f8d26ee91171c5b24e56dd440bb46b17bbe,,,excluded: generated build/simulator/IDE artifact or historical output,
DE_c.zip,DE_c/DE_c_ver2/.vs/DE_c_ver2/v17/Browse.VC.db,33415168,cb77b829b52796cbbd04b1cbe7795d431491f52379ef78a086b3b89b703c42c2,,,excluded: generated build/simulator/IDE artifact or historical output,
DE_c.zip,DE_c/DE_c_ver2/.vs/DE_c_ver2/v17/ipch/AutoPCH/5f66d0b942b53f6a/FILTERING.ipch,47513600,3eeb9305228187f727a1a597d1a11e75136a5f770604c250ef6aa762e8838786,,,excluded: generated build/simulator/IDE artifact or historical output,
DE_c.zip,DE_c/DE_c_ver2/.vs/DE_c_ver2/v17/ipch/AutoPCH/6ecea2bcfca1f105/RGB_TO_YCC.ipch,47513600,0aa7fd325875d8e5f6bb3f4f280a0f366181b4de4fb66b368afd19dfe1ffb13a,,,excluded: generated build/simulator/IDE artifact or historical output,
DE_c.zip,DE_c/DE_c_ver2/.vs/DE_c_ver2/v17/ipch/AutoPCH/74d6a50fd10f5ff3/MAIN.ipch,47513600,d2aad247c5be0ff13b3b838a5fbfbfe8ad43219390cafa6fee6102ac83d1fd2b,,,excluded: generated build/simulator/IDE artifact or historical output,
DE_c.zip,DE_c/DE_c_ver2/.vs/DE_c_ver2/v17/ipch/AutoPCH/8392bd9d2c070eec/READ_IMAGE.ipch,47513600,d4194bb90b1ab29baecac493c65c6f7bb84449c70a5f764e937f6eaa1e8f9731,,,excluded: generated build/simulator/IDE artifact or historical output,
DE_c.zip,DE_c/DE_c_ver2/DE_c_ver2/DE_c_ver2.vcxproj,6934,c8bb841b2d02c3f65f0c18c8bf672c7e7e333ba69efe6aae6e46006d02e5e4c2,,,excluded: historical IDE project metadata; setup facts documented separately,
DE_c.zip,DE_c/DE_c_ver2/DE_c_ver2/DE_c_ver2.vcxproj.filters,1388,d4699b966ed6c6907459dfa9f9c1335b85c52d729b619c1c1ea3a41465dbbae6,,,excluded: historical IDE project metadata; setup facts documented separately,
DE_c.zip,DE_c/DE_c_ver2/DE_c_ver2/DE_c_ver2.vcxproj.user,168,c06a75b13f855a94d46616796e024c52b499f8f92cf00ccb571ddbc6ff574676,,,excluded: historical IDE project metadata; setup facts documented separately,
DE_c.zip,DE_c/DE_c_ver2/DE_c_ver2/DE_image.bmp,327414,118ca2a492f4ae8afcb6dfeb314be185d6be5e4a15c5755f383c9f215e7061db,,,excluded: original sample media or derived image data; retained in input ZIP,
DE_c.zip,DE_c/DE_c_ver2/DE_c_ver2/filtering.c,2308,b094a9fb9681d782d942d673a12405ba179dbe264307d08d2bce67f04923c038,reference/c/floating_point/filtering.c,b0508125beea10a6f8d64e5450eb49856febc09851db295acef7f933ed3af12e,retained; UTF-8/LF normalization only,utf-8
DE_c.zip,DE_c/DE_c_ver2/DE_c_ver2/lena.bmp,327414,80415cd495bbf9d203bece6b1473ee111d14551c13ad0fd6abfd6cad310985bb,,,excluded: original sample media or derived image data; retained in input ZIP,
DE_c.zip,DE_c/DE_c_ver2/DE_c_ver2/lena_2.bmp,1152054,16234657b25bbe88ef6683f048865fc4d84cad980b993e513ef9777050056b55,,,excluded: original sample media or derived image data; retained in input ZIP,
DE_c.zip,DE_c/DE_c_ver2/DE_c_ver2/main.c,340,c87489acd01934e5078c2bdc67a7bbd3439686a9c175e09ed262daf64c489706,reference/c/floating_point/main.c,ac1d007f833f6b1b19e5d3b7742c365ce267233bb9a52ec653692140da042526,retained; UTF-8/LF normalization only,utf-8
DE_c.zip,DE_c/DE_c_ver2/DE_c_ver2/main.h,487,9db0d872c2e181328265817cc86bdc913a5632096221da83250aa25837dceca3,reference/c/floating_point/main.h,52409215395133d0bdbb5ec1193bddd352408d5f73f5e5f42a8264145917a78b,retained; UTF-8/LF normalization only,utf-8
DE_c.zip,DE_c/DE_c_ver2/DE_c_ver2/read_image.c,1404,fee2c51439a45c760b21d97730e7f4015e45087c71c61142cee890397011b24e,reference/c/floating_point/read_image.c,a6b70b21cb7de8f1eae29bd05871c055997a8a08a3aea4ddc94689e5d8b32381,retained; UTF-8/LF normalization only,cp949
DE_c.zip,DE_c/DE_c_ver2/DE_c_ver2/RGB_to_YCC.c,3366,7ac0a24317070910b7912ad5eeeee414d07b8c27289e9b9a67f8763859c331d6,reference/c/floating_point/RGB_to_YCC.c,4e241e6da0a8c3467dd2553fa3192b66fc1e733b770f9722b257d7dd9b141c46,retained; UTF-8/LF normalization only,utf-8
DE_c.zip,DE_c/DE_c_ver2/DE_c_ver2/x64/Debug/DE_c_ver2.exe.recipe,304,fac22cc420f17793aa93f4cbf6a093a848dd7fc548de9da87d982cee5cf60ad8,,,excluded: generated build/simulator/IDE artifact or historical output,
DE_c.zip,DE_c/DE_c_ver2/DE_c_ver2/x64/Debug/DE_c_ver2.ilk,853504,991ffb58af333691f2f5a4d0e841911c75641a216651efcfe34545af16295c23,,,excluded: generated build/simulator/IDE artifact or historical output,
DE_c.zip,DE_c/DE_c_ver2/DE_c_ver2/x64/Debug/DE_c_ver2.log,104,c97fcabf8de657ba4687ac40fba56f39cd7098f8bcbfb29c9168f2b2b0ae0060,,,excluded: generated build/simulator/IDE artifact or historical output,
DE_c.zip,DE_c/DE_c_ver2/DE_c_ver2/x64/Debug/DE_c_ver2.tlog/CL.command.1.tlog,3030,c04b5bd96cce21e24e109f17f993bbd82044346e8e822ce79380baa826e096e5,,,excluded: generated build/simulator/IDE artifact or historical output,
DE_c.zip,DE_c/DE_c_ver2/DE_c_ver2/x64/Debug/DE_c_ver2.tlog/Cl.items.tlog,526,f0c07983bc66282a139b2a7b0945b10ac6318f587c840adfb2c8c02cd179cd7c,,,excluded: generated build/simulator/IDE artifact or historical output,
DE_c.zip,DE_c/DE_c_ver2/DE_c_ver2/x64/Debug/DE_c_ver2.tlog/CL.read.1.tlog,104816,15b25afd3054ec730833ec6f7e079f517b9adf0c3ae6c9da30038d0ed7ab4870,,,excluded: generated build/simulator/IDE artifact or historical output,
DE_c.zip,DE_c/DE_c_ver2/DE_c_ver2/x64/Debug/DE_c_ver2.tlog/CL.write.1.tlog,8314,79825414ed39938c350722cd3679340e11779c1761af492f25c9b5adaf3c01d4,,,excluded: generated build/simulator/IDE artifact or historical output,
DE_c.zip,DE_c/DE_c_ver2/DE_c_ver2/x64/Debug/DE_c_ver2.tlog/DE_c_ver2.lastbuildstate,167,52ed8afa28e7b3166b10d300e9a6062b4641f1be82fc0db368c882bbde3bf5c4,,,excluded: generated build/simulator/IDE artifact or historical output,
DE_c.zip,DE_c/DE_c_ver2/DE_c_ver2/x64/Debug/DE_c_ver2.tlog/link.command.1.tlog,1870,c03d718a0e8c5225600e4a4c392793ba45c8edb24e7fc23778a7fcc6e05bf66b,,,excluded: generated build/simulator/IDE artifact or historical output,
DE_c.zip,DE_c/DE_c_ver2/DE_c_ver2/x64/Debug/DE_c_ver2.tlog/link.read.1.tlog,4196,c2111864539c9f38375a4ca4da2cc6494fb87a6d758767f3b1e820c363421473,,,excluded: generated build/simulator/IDE artifact or historical output,
DE_c.zip,DE_c/DE_c_ver2/DE_c_ver2/x64/Debug/DE_c_ver2.tlog/link.write.1.tlog,974,a9f17d7584471c41e6e86555f30d7333d47c25099e7a064be17e93972cda7926,,,excluded: generated build/simulator/IDE artifact or historical output,
DE_c.zip,DE_c/DE_c_ver2/DE_c_ver2/x64/Debug/filtering.obj,54072,33344e82b14b6ec0272807d10cfdc0bacc5434bdf312b9559d66027d0d7b5c16,,,excluded: generated build/simulator/IDE artifact or historical output,
DE_c.zip,DE_c/DE_c_ver2/DE_c_ver2/x64/Debug/filtering.obj.enc,53792,b3df9e9a3940658d4bd08aa9cd08a8c842ba29ddd6029e34c02609b6389b3817,,,excluded: generated build/simulator/IDE artifact or historical output,
DE_c.zip,DE_c/DE_c_ver2/DE_c_ver2/x64/Debug/main.obj,50984,1a7516df24937d08e929843cf9be3931c153d8e9b395c4dafa8266d0d1c84f6e,,,excluded: generated build/simulator/IDE artifact or historical output,
DE_c.zip,DE_c/DE_c_ver2/DE_c_ver2/x64/Debug/read_image.obj,59778,f38fd3d32cf65a7171712ec5ed903e2938a0fed88c5ccc8a7f83f7dc466e2a9d,,,excluded: generated build/simulator/IDE artifact or historical output,
DE_c.zip,DE_c/DE_c_ver2/DE_c_ver2/x64/Debug/RGB_to_YCC.obj,60610,7c8c032045349226cf75d53cbb1b33d375f3c327d3bc194168e7d584ea8672fe,,,excluded: generated build/simulator/IDE artifact or historical output,
DE_c.zip,DE_c/DE_c_ver2/DE_c_ver2/x64/Debug/vc143.idb,429056,21219c0afb8fd2047ea6ffd000e2278f394b0016a04634c71aa83eb86bb95838,,,excluded: generated build/simulator/IDE artifact or historical output,
DE_c.zip,DE_c/DE_c_ver2/DE_c_ver2/x64/Debug/vc143.pdb,110592,0b07a98a73ca0a4d57ab20c707d6d05e371fcf7109aa26284e922e3c7136d04e,,,excluded: generated build/simulator/IDE artifact or historical output,
DE_c.zip,DE_c/DE_c_ver2/DE_c_ver2/Yuri.bmp,1080054,3263203ebf13119c2bff554c4cc4bf718e51cadc39d82ea5d57aa8103f309acf,,,excluded: original sample media or derived image data; retained in input ZIP,
DE_c.zip,DE_c/DE_c_ver2/DE_c_ver2.sln,1448,feb1dbd2f57e4b52675de21fbdbceba64eb5a086dc259206c2ce00bb2d730c75,,,excluded: historical IDE project metadata; setup facts documented separately,
DE_c.zip,DE_c/DE_c_ver2/x64/Debug/DE_c_ver2.exe,74240,98ffc237ae2ae977621b6f2d0a8bbd693e36fe8975ba8efcf4460f8b1aac1f61,,,excluded: generated build/simulator/IDE artifact or historical output,
DE_c.zip,DE_c/DE_c_ver2/x64/Debug/DE_c_ver2.pdb,1568768,e39b52a68c2345c9f85568936ce13333d4413f88ace6d99e90fd88850904b3a2,,,excluded: generated build/simulator/IDE artifact or historical output,
DE_Matlab.zip,DE_Matlab/coe_bmp.m,943,6a49b137913d9bebdc75680e7960a990f0962de686cc1697b9d0386758d1759c,reference/matlab/coe_bmp.m,313ad743bee4578c7bb6b54919db2bdfed28a47ccf7b69140614eaa493279230,retained; UTF-8/LF normalization only,utf-8
DE_Matlab.zip,DE_Matlab/conv_speed.m,726,41697cf315f80d09c24dc102213d2578f797339365d47a7f4ac54d6c7392ac8f,reference/matlab/conv_speed.m,55b3f00dce48d94def2436a7a089e9bfca2ed93bee5954271cec3140b6171763,retained; UTF-8/LF normalization only,utf-8
DE_Matlab.zip,DE_Matlab/DE_fixed_image.bmp,327414,be66b79f7f0bb9734061795b4fcc95918c90d9326fe89fbda20c5c6a971f0672,,,excluded: original sample media or derived image data; retained in input ZIP,
DE_Matlab.zip,DE_Matlab/DE_image.bmp,327414,118ca2a492f4ae8afcb6dfeb314be185d6be5e4a15c5755f383c9f215e7061db,,,excluded: original sample media or derived image data; retained in input ZIP,
DE_Matlab.zip,DE_Matlab/filterd_Y_Iamge.bmp,1080054,7c364ba4fc31c9127eaf820d97377d6546f58ddf48dc51d534be71713a715304,,,excluded: original sample media or derived image data; retained in input ZIP,
DE_Matlab.zip,DE_Matlab/gaussian_test.m,1027,d13b448084525d480c4956103d65a584b949e2a83d67a442fc7618924e9f4bd8,reference/matlab/gaussian_test.m,31a90a6b39db22569fa23068c84a6d16ea1947429753f20ef7566a2f2c950715,retained; UTF-8/LF normalization only,utf-8
DE_Matlab.zip,DE_Matlab/image_rms.m,213,8fbc1ba707d22b8b901faef8cf38f90ca2ed726f90564aaa4f8822ae9d3b59da,reference/matlab/image_rms.m,260c79d7b0ffd21931c82cccf8377b5b92a5b37aa0490308eb36e2a63da96313,retained; UTF-8/LF normalization only,utf-8
DE_Matlab.zip,DE_Matlab/input.png,780675,87d1771c2850bb03fa485e85a90abaf90d01d3187887ce6b5b6ff7d807987747,,,excluded: original sample media or derived image data; retained in input ZIP,
DE_Matlab.zip,DE_Matlab/lena.bmp,327414,80415cd495bbf9d203bece6b1473ee111d14551c13ad0fd6abfd6cad310985bb,,,excluded: original sample media or derived image data; retained in input ZIP,
DE_Matlab.zip,DE_Matlab/lena_rgb565.bmp,110638,208b1ca990f6ca01ac1dec1347bb6533f18155e9ac188402ea5ae6498b84be27,,,excluded: original sample media or derived image data; retained in input ZIP,
DE_Matlab.zip,DE_Matlab/make_tb_data.m,304,d4324606491b9e5919fbdf26e04d1ca7dd1febac5771791e068a6cf6148931d3,reference/matlab/make_tb_data.m,a70ac3970109f7d94f3f8e5dc8f8c86b6fab6614a704a4d4549fe7ad3b26f43f,retained; UTF-8/LF normalization only,utf-8
DE_Matlab.zip,DE_Matlab/new_coe.asv,748,7d2f627eadf004394ced5b673fb98166180ba07a2e9b17be1ad17201ca6dd6f4,,,excluded: generated build/simulator/IDE artifact or historical output,
DE_Matlab.zip,DE_Matlab/new_coe.m,772,77238019b780c2f317d52b134a9ed65065537a8ff980dfa2e342bc35be13a6b2,reference/matlab/new_coe.m,7d2f627eadf004394ced5b673fb98166180ba07a2e9b17be1ad17201ca6dd6f4,retained; UTF-8/LF normalization only,utf-8
DE_Matlab.zip,DE_Matlab/Ori_Y_Iamge.bmp,1080054,2fb74f02389f3597ad833fd1ac49e558afafaed181034ad25f6b025cb4ce8cee,,,excluded: original sample media or derived image data; retained in input ZIP,
DE_Matlab.zip,DE_Matlab/output.bmp,1080054,5eb0c50f0c53389cdd99bcdb5fddd47cc0ffcc6defaad00e81f9e6aaae1f5c87,,,excluded: original sample media or derived image data; retained in input ZIP,
DE_Matlab.zip,DE_Matlab/output2.coe,1044543,a556edb08769152cd1a9878304692e10fa32924a5d215d027f253c65e90b3632,,,excluded: original sample media or derived image data; retained in input ZIP,
DE_Matlab.zip,DE_Matlab/output_32bit.coe,652862,b269f308433e694c10aa0dcaab63c0509ebeb09109601c82adf4222c49e9db36,,,excluded: original sample media or derived image data; retained in input ZIP,
DE_Matlab.zip,DE_Matlab/RGB565_to_YCbCr.m,1251,2746936188c4067f4f06497a4b75e7c68ed4a805354ddc17bda04675345f981b,reference/matlab/RGB565_to_YCbCr.m,c74e22e9929c3334e4415b5cf93dcb33c17bb49fe8950ba3060fffbef1b6c9b5,retained; UTF-8/LF normalization only,utf-8
DE_Matlab.zip,DE_Matlab/sample.bmp,53747850,71a941a2d15827a51274072aa2ca89cb683f588e14cb24a1684a6154841ada10,,,excluded: original sample media or derived image data; retained in input ZIP,
DE_Matlab.zip,DE_Matlab/tb_330_2_480.m,452,4fa6911e4b8519220eee36028332188ef9b76be71bee97b31d758042e5367c51,reference/matlab/tb_330_2_480.m,ea9716a370112b5e78dac2d33d84532fa287518ef165116be5815913ace0d67d,retained; UTF-8/LF normalization only,utf-8
DE_Matlab.zip,DE_Matlab/tb_data.txt,761385,547efaad42b2d68db1d22068e6f0952437d9fff3ac7ce91f888bec82fdc47a21,,,excluded: generated build/simulator/IDE artifact or historical output,
DE_Matlab.zip,DE_Matlab/tb_image.bmp,391734,a4a948807439abcbfa3011bce65b3719edad5410286eac7c722d429538909819,,,excluded: original sample media or derived image data; retained in input ZIP,
DE_Matlab.zip,DE_Matlab/tb_image.raw,391680,7f6153673c996db71d1b379bc81069f43caa6f16fda02b2115d9991d20ed5207,,,excluded: original sample media or derived image data; retained in input ZIP,
DE_Matlab.zip,DE_Matlab/tb_image_480_272.bmp,391734,39f703b21b3320c3b4ff1be605070e0a8f4b55148e8677db44ac6270b23b2a73,,,excluded: original sample media or derived image data; retained in input ZIP,
DE_Matlab.zip,DE_Matlab/tb_result_data.txt,762218,2be9f801e0a0036fa3ecf1410f9847a79bd652f3b3a144591bf553ed64f8bb5f,,,excluded: generated build/simulator/IDE artifact or historical output,
DE_Matlab.zip,DE_Matlab/tb_test.asv,7068,bc29b5b35d0514e0b9570dd84a862a42035378911fc93589bc103a23cfcaea8f,,,excluded: generated build/simulator/IDE artifact or historical output,
DE_Matlab.zip,DE_Matlab/tb_test.m,7944,baff21ca392e4ec2ba246e0ee43ebf86819fe18f254d39da2f51f0ff6e5b4b14,reference/matlab/tb_test.m,09514efe8f8fc2e9334ab2760d3f1edcbdba961a088345f1337b62e5d6508e7d,retained; UTF-8/LF normalization only,utf-8
DE_Matlab.zip,DE_Matlab/tb_Yuri.png,391734,268b59ec148096ae1f0208c438c926e2dccb5eb7e0399d6893ad997776ec8ee5,,,excluded: original sample media or derived image data; retained in input ZIP,
DE_Matlab.zip,DE_Matlab/vs_image.m,1162,612f21eefc5458f4a23b7add0e0c84462de8895664f705c6a854bb9ba8b2a575,reference/matlab/vs_image.m,85162d4924323a2d0bbff0caf39036934fbdbb1ff3c5604cbea2b874d24d1897,retained; UTF-8/LF normalization only,utf-8
DE_Matlab.zip,DE_Matlab/Y_output.bmp,1080054,701f5d39c2faa9c246d22b6754d200fb955251eb87976d08430b79670f27e4ec,,,excluded: original sample media or derived image data; retained in input ZIP,
Camera_LCD_ctrl.zip,Camera_LCD_ctrl/BRAMCtrl.v,1318,ef01a98a898dd46c46c2942c5cfc17935006c189ed6aaf46f8296c92c1436653,archive/camera_lcd/BRAMCtrl.v,ef01a98a898dd46c46c2942c5cfc17935006c189ed6aaf46f8296c92c1436653,retained; UTF-8/LF normalization only,utf-8
Camera_LCD_ctrl.zip,Camera_LCD_ctrl/Camera_LCD_ctrl_v1.cr.mti,3551,a64b93544f6f9166a59265b487e68f66b88307fdc197771dfc4af248bded5886,,,excluded: generated build/simulator/IDE artifact or historical output,
Camera_LCD_ctrl.zip,Camera_LCD_ctrl/Camera_LCD_ctrl_v1.mpf,24898,03df0386bd0523f0902f7c47116ed1db1602e5234d350e7a4a7b0b6fbf96bc12,,,excluded: historical IDE project metadata; setup facts documented separately,
Camera_LCD_ctrl.zip,Camera_LCD_ctrl/Camera_LCD_ctrl_v1/Camera_LCD_ctrl_v1.cache/wt/project.wpc,61,ee9038c533d94eb3a610d16227d9cce9db798352497f0ba7e005afc06ad7aa3e,,,excluded: generated build/simulator/IDE artifact or historical output,
Camera_LCD_ctrl.zip,Camera_LCD_ctrl/Camera_LCD_ctrl_v1/Camera_LCD_ctrl_v1.hw/Camera_LCD_ctrl_v1.lpr,343,e7728496492663d30b680486fd9145ed891eed32dcdd212e7e2b6bf47d939857,,,excluded: generated build/simulator/IDE artifact or historical output,
Camera_LCD_ctrl.zip,Camera_LCD_ctrl/Camera_LCD_ctrl_v1/Camera_LCD_ctrl_v1.hw/hw_1/hw.xml,753,31d7fdcb0ce21ed15f2fd1ea77a93717ae46aaad0bedd4130897f208d287ab02,,,excluded: generated build/simulator/IDE artifact or historical output,
Camera_LCD_ctrl.zip,Camera_LCD_ctrl/Camera_LCD_ctrl_v1/Camera_LCD_ctrl_v1.xpr,10564,a596e2efab03c2e1aa6d252347d3c3dd75a0528df0ec0acad4e0c01c4753df31,,,excluded: historical IDE project metadata; setup facts documented separately,
Camera_LCD_ctrl.zip,Camera_LCD_ctrl/Camera_LCD_ctrl_v1/top.bit,4045663,f80b6da9c56bc2231d3cdf747cef7aca5129522920dba36d6d7bd0897972a584,,,excluded: generated build/simulator/IDE artifact or historical output,
Camera_LCD_ctrl.zip,Camera_LCD_ctrl/Camera_LCD_ctrl_v1/vivado.jou,1586,21a0c5d2028986e643c7fcb0454993f951cfa8c46d0e3c2d704188ecb5f9680c,,,excluded: generated build/simulator/IDE artifact or historical output,
Camera_LCD_ctrl.zip,Camera_LCD_ctrl/Camera_LCD_ctrl_v1/vivado.log,7348,91d4bf1a6bddb0db1a46999336e4aa2f7b4372a58e4ba4499f352624e8262e5d,,,excluded: generated build/simulator/IDE artifact or historical output,
Camera_LCD_ctrl.zip,Camera_LCD_ctrl/CIS_IF.v,2545,128509604710a5aa27ee0b313e6731db185f9a60cae6583f1083865a34041d2c,archive/camera_lcd/CIS_IF.v,fa7cfcb775a0f613c1abe512f0f77c73ac8b38f9b9a9e1c58c0ce094ed7e6f6d,retained; UTF-8/LF normalization only,cp949
Camera_LCD_ctrl.zip,Camera_LCD_ctrl/g2m.v,386,3c04d8f53e0cf53e2bf8f7163ca9e8e65ffe98b4852775db451028a747925473,archive/camera_lcd/g2m.v,0d9f0e58edd76959c66ff0903b29c3f5a0f7c07bb5e930c7312de110e3257676,retained; UTF-8/LF normalization only,cp949
Camera_LCD_ctrl.zip,Camera_LCD_ctrl/horizontal.v,1277,e6446bc2cf06c972410b4be615ced683851e5c32b15e053fe0f5226381fc12d1,archive/camera_lcd/horizontal.v,e239b382bf62219b5a3969903dcc9ca7aa44a7006545c50bffe2870786592a67,retained; UTF-8/LF normalization only,utf-8
Camera_LCD_ctrl.zip,Camera_LCD_ctrl/I2C.ngc,34167,b21eaf761da871728a7f05d6a61d74f2e8632aaaef2f79a118ce0ca749e89025,,,excluded: compiled I2C netlist; source/license provenance not supplied,
Camera_LCD_ctrl.zip,Camera_LCD_ctrl/I2C.v,330,476ca9cfe72810a92539cba2e839313eacc74bc724a13e0b16147db21d9e793e,archive/camera_lcd/I2C.v,8a131f6566703124eefae042c9131c43f96bcea540885079f3f019b784209210,retained; UTF-8/LF normalization only,cp949
Camera_LCD_ctrl.zip,Camera_LCD_ctrl/i2c_top.v,851,77c81672648c934d98371c4e4f3bb0c678104488a28ac0975ba1eab51703ae5f,archive/camera_lcd/i2c_top.v,54a25f22cfbd8ffc9be37b95fd1bddc43e3ddcd532793bf3905257e7e82cf914,retained; UTF-8/LF normalization only,cp949
Camera_LCD_ctrl.zip,Camera_LCD_ctrl/i2cset.v,3486,0120ced7fae707bf88ef0c1f525ac8c8f3ab5e243cd796fc7fe9de212fcc1253,archive/camera_lcd/i2cset.v,6a53be8b5cbd65a0dec22a2a19032e9dcd62aa80e1f12f68c34c4e01f985780c,retained; UTF-8/LF normalization only,cp949
Camera_LCD_ctrl.zip,Camera_LCD_ctrl/packing.v,1745,40e4a2e235835600c579cc8b9d97608d2daec3f5b32eb4a07cbc5bca99718265,archive/camera_lcd/packing.v,ccd5ec54cc841e97b04598b7598b19551c70d3c5f7cf0c18b35e0284a1e0eb69,retained; UTF-8/LF normalization only,utf-8
Camera_LCD_ctrl.zip,Camera_LCD_ctrl/packing_unpakcing.v,772,057bc7b3aea15a8e8bc3ecef6091bb3de8a7c96d1b44e080b9104e90ce8c08e2,archive/camera_lcd/packing_unpakcing.v,6567691fdf86f49281ecdfd753d4827ccef7f1ac69952a14f07405570039c535,retained; UTF-8/LF normalization only,utf-8
Camera_LCD_ctrl.zip,Camera_LCD_ctrl/TFTLCDCtrl.v,2011,56de0312caf6ca6713567e0b800f904ea984ea6da2deaf3da430c78228a8e590,archive/camera_lcd/TFTLCDCtrl.v,56de0312caf6ca6713567e0b800f904ea984ea6da2deaf3da430c78228a8e590,retained; UTF-8/LF normalization only,utf-8
Camera_LCD_ctrl.zip,Camera_LCD_ctrl/top.v,2764,10793a1fbfa5bb0bdfe2944c84d666d9f9dd7e7e23a62171ecf4b8126b3ced07,archive/camera_lcd/top.v,776ed563bfd5e6edfb7f9bcef49a5a2ebf41b88e2698f8fb3f1486e27fdff121,retained; UTF-8/LF normalization only,utf-8
Camera_LCD_ctrl.zip,Camera_LCD_ctrl/transcript,500,45c40abbf7cdfe41a8b9fcb3b0212d4bfc728ccabf607e83b75bad8064efdb61,,,excluded: generated build/simulator/IDE artifact or historical output,
Camera_LCD_ctrl.zip,Camera_LCD_ctrl/Unpacking.v,1832,e9f76d7fc8c4c80374d7b95fe618c8d7177e245336fa627fe9158ad5562331ba,archive/camera_lcd/Unpacking.v,bd44b9c4610d9080a860faf7280c237f09d70c2c6d242b5e917dca6ff3bb0803,retained; UTF-8/LF normalization only,utf-8
Camera_LCD_ctrl.zip,Camera_LCD_ctrl/vertical.v,1089,66d59bee1c20acf9b5510b0c1466c9ff26e65f74c2c8fb6f635a128d36c6acbc,archive/camera_lcd/vertical.v,66d59bee1c20acf9b5510b0c1466c9ff26e65f74c2c8fb6f635a128d36c6acbc,retained; UTF-8/LF normalization only,utf-8
Camera_LCD_ctrl.zip,Camera_LCD_ctrl/work/_info,5636,d57787c4386ab43bc12f8c7c4428bc48d9c748310cdac246983beb82c813ab15,,,excluded: generated build/simulator/IDE artifact or historical output,
Camera_LCD_ctrl.zip,Camera_LCD_ctrl/work/_lib.qdb,49152,26fedebe43a7b909d42fcd86367b4c8ffac23bbcfc83ce046935cdc5f310e045,,,excluded: generated build/simulator/IDE artifact or historical output,
Camera_LCD_ctrl.zip,Camera_LCD_ctrl/work/_lib1_0.qdb,32768,730605821da53e1010d027d2b45f356f6dfde2cce9cf7ea506ca195d27368d63,,,excluded: generated build/simulator/IDE artifact or historical output,
Camera_LCD_ctrl.zip,Camera_LCD_ctrl/work/_lib1_0.qpg,245760,871df5fd4050beaca55ce43fa2e74640f3790af0e84c582b3f021b549ecab59b,,,excluded: generated build/simulator/IDE artifact or historical output,
Camera_LCD_ctrl.zip,Camera_LCD_ctrl/work/_lib1_0.qtl,173140,d662a45fca28ae8f85df5938e99a7c295087661443c2afe9242d3349353da0ee,,,excluded: generated build/simulator/IDE artifact or historical output,
Camera_LCD_ctrl.zip,Camera_LCD_ctrl/work/_vmake,29,d287f8a335408d3f94fea840ad628f2cbed3775952c49131049ef8f60fd337c9,,,excluded: generated build/simulator/IDE artifact or historical output,
RGB_YCbCr_total.zip,RGB_YCbCr_total/RGB_YCbCr_converter_v1/RGB_YCbCr_converter_v1.cr.mti,1063,9a1d635f2ec832e31b755584d3b4d11d81a9ca323634696f375936f1f9f75fef,,,excluded: generated build/simulator/IDE artifact or historical output,
RGB_YCbCr_total.zip,RGB_YCbCr_total/RGB_YCbCr_converter_v1/RGB_YCbCr_converter_v1.mpf,19737,e3b32413e8650ff1a8411e626d241812b4233fd7c92da4d77968217d89dc3c8b,,,excluded: historical IDE project metadata; setup facts documented separately,
RGB_YCbCr_total.zip,RGB_YCbCr_total/RGB_YCbCr_converter_v1/R_2_Y.v,2410,1c752b7f7e18fccd14f21721835e51328e5aed425465c4bdbbc5b915bbef68fc,archive/color/RGB_YCbCr_converter_v1/R_2_Y.v,03384f8f6c86023d387c90e50e0d4cc4ddc7f7cc53acc0db0b8d71e6bdfad631,retained; UTF-8/LF normalization only,utf-8
RGB_YCbCr_total.zip,RGB_YCbCr_total/RGB_YCbCr_converter_v1/tb_R_2_Y.v,875,732cbcb9c9cd78538d3d1e76543f3b0c2a6c21ad565fd86198b7f67279a59cde,archive/color/RGB_YCbCr_converter_v1/tb_R_2_Y.v,7ab1f29daf6746afce3b32269254e6423ca127861289697f53b32c46de553e42,retained; UTF-8/LF normalization only,utf-8
RGB_YCbCr_total.zip,RGB_YCbCr_total/RGB_YCbCr_converter_v1/tb_Y_2_R.v,1045,579102991c39521abb0d1fc75bc22b90e77922bf8c4720e39511581dabf2518d,archive/color/RGB_YCbCr_converter_v1/tb_Y_2_R.v,779b230e798e7546059b72e01655a7be26aa401719c9be8a0f1a386e5253619c,retained; UTF-8/LF normalization only,utf-8
RGB_YCbCr_total.zip,RGB_YCbCr_total/RGB_YCbCr_converter_v1/vsim.wlf,57344,3be0dec78879e9b0f2720a3396a7b3dffa941ffb4f347fa55abbd4e433904a20,,,excluded: generated build/simulator/IDE artifact or historical output,
RGB_YCbCr_total.zip,RGB_YCbCr_total/RGB_YCbCr_converter_v1/work/_info,2490,a988619fe17a78c02e49a6a51d281fcfe3bc3fbeb3a8d00cc86aaeb5ac0aae1f,,,excluded: generated build/simulator/IDE artifact or historical output,
RGB_YCbCr_total.zip,RGB_YCbCr_total/RGB_YCbCr_converter_v1/work/_lib.qdb,49152,6bfc33735c6b6c97cb49e3c2f1dde796a679d83b5cdb7aac94bdf5e2bdd6bf75,,,excluded: generated build/simulator/IDE artifact or historical output,
RGB_YCbCr_total.zip,RGB_YCbCr_total/RGB_YCbCr_converter_v1/work/_lib1_0.qdb,32768,b49840fab0abaa3c2852ab974a498d4cc248ee37b3df51faa10fefdfbc3b7833,,,excluded: generated build/simulator/IDE artifact or historical output,
RGB_YCbCr_total.zip,RGB_YCbCr_total/RGB_YCbCr_converter_v1/work/_lib1_0.qpg,106496,05441d576ccf5f7974baefd90bc80c4895d63c69ef0b4a0f595743ae3805a357,,,excluded: generated build/simulator/IDE artifact or historical output,
RGB_YCbCr_total.zip,RGB_YCbCr_total/RGB_YCbCr_converter_v1/work/_lib1_0.qtl,43137,420cf5b39f49f83c6d7844465e8060a9fc03a79498170121b86d3c9740fc0cea,,,excluded: generated build/simulator/IDE artifact or historical output,
RGB_YCbCr_total.zip,RGB_YCbCr_total/RGB_YCbCr_converter_v1/work/_vmake,29,d287f8a335408d3f94fea840ad628f2cbed3775952c49131049ef8f60fd337c9,,,excluded: generated build/simulator/IDE artifact or historical output,
RGB_YCbCr_total.zip,RGB_YCbCr_total/RGB_YCbCr_converter_v1/Y_2_R.v,1977,ab6e3c018eab4e6b598f1df676fad7838557f5c84313ae33231bf6cd7a3d1035,archive/color/RGB_YCbCr_converter_v1/Y_2_R.v,58503fac984d532279eba0009174d662c22aa4146cf025b22e2d6b04f983271a,retained; UTF-8/LF normalization only,utf-8
RGB_YCbCr_total.zip,RGB_YCbCr_total/RGB_YCbCr_v1/BRAMCtrl.v,1517,fe81c9b172163eef17f7444e487c196198648d3f9cd598f5c251e363267eec4c,archive/color/RGB_YCbCr_v1/BRAMCtrl.v,fe81c9b172163eef17f7444e487c196198648d3f9cd598f5c251e363267eec4c,retained; UTF-8/LF normalization only,utf-8
RGB_YCbCr_total.zip,RGB_YCbCr_total/RGB_YCbCr_v1/CIS_IF.v,2703,6519355df7824eb44bc83b870754acf620ee6c61034e5cedd56fe190aedad571,archive/color/RGB_YCbCr_v1/CIS_IF.v,269c5c09289b319be49369d56b2a535ae6e51a7091c58722f8701b8929d96d38,retained; UTF-8/LF normalization only,utf-8
RGB_YCbCr_total.zip,RGB_YCbCr_total/RGB_YCbCr_v1/g2m.v,386,3c04d8f53e0cf53e2bf8f7163ca9e8e65ffe98b4852775db451028a747925473,archive/color/RGB_YCbCr_v1/g2m.v,0d9f0e58edd76959c66ff0903b29c3f5a0f7c07bb5e930c7312de110e3257676,retained; UTF-8/LF normalization only,cp949
RGB_YCbCr_total.zip,RGB_YCbCr_total/RGB_YCbCr_v1/horizontal.v,1799,c865443fda947ca72b911b0a2ed42e7677ac49a435dd014e3d2307fb9eb889cb,archive/color/RGB_YCbCr_v1/horizontal.v,af548b6bbb3c894d708685e335e1afb14f8c2e52992e41a7c1c07c79a84537be,retained; UTF-8/LF normalization only,utf-8
RGB_YCbCr_total.zip,RGB_YCbCr_total/RGB_YCbCr_v1/I2C.ngc,34167,b21eaf761da871728a7f05d6a61d74f2e8632aaaef2f79a118ce0ca749e89025,,,excluded: compiled I2C netlist; source/license provenance not supplied,
RGB_YCbCr_total.zip,RGB_YCbCr_total/RGB_YCbCr_v1/I2C.v,330,476ca9cfe72810a92539cba2e839313eacc74bc724a13e0b16147db21d9e793e,archive/color/RGB_YCbCr_v1/I2C.v,8a131f6566703124eefae042c9131c43f96bcea540885079f3f019b784209210,retained; UTF-8/LF normalization only,cp949
RGB_YCbCr_total.zip,RGB_YCbCr_total/RGB_YCbCr_v1/i2cset.v,3486,0120ced7fae707bf88ef0c1f525ac8c8f3ab5e243cd796fc7fe9de212fcc1253,archive/color/RGB_YCbCr_v1/i2cset.v,6a53be8b5cbd65a0dec22a2a19032e9dcd62aa80e1f12f68c34c4e01f985780c,retained; UTF-8/LF normalization only,cp949
RGB_YCbCr_total.zip,RGB_YCbCr_total/RGB_YCbCr_v1/i2c_top.v,851,77c81672648c934d98371c4e4f3bb0c678104488a28ac0975ba1eab51703ae5f,archive/color/RGB_YCbCr_v1/i2c_top.v,54a25f22cfbd8ffc9be37b95fd1bddc43e3ddcd532793bf3905257e7e82cf914,retained; UTF-8/LF normalization only,cp949
RGB_YCbCr_total.zip,RGB_YCbCr_total/RGB_YCbCr_v1/packing.v,1873,0bfa9583378054a02a16e609ed4155069ba90384a1c578ddde55b182608114b9,archive/color/RGB_YCbCr_v1/packing.v,b729d6861b3160b8c21dd6d47314fb8f06b2e2a4d03530ba1bf1af97cfd3624f,retained; UTF-8/LF normalization only,utf-8
RGB_YCbCr_total.zip,RGB_YCbCr_total/RGB_YCbCr_v1/packing_unpakcing.v,712,f3ba6e32176e533bcf789b1fc869842ee9e868661a75df3e33c3fd874a484243,archive/color/RGB_YCbCr_v1/packing_unpakcing.v,f3ba6e32176e533bcf789b1fc869842ee9e868661a75df3e33c3fd874a484243,retained; UTF-8/LF normalization only,utf-8
RGB_YCbCr_total.zip,RGB_YCbCr_total/RGB_YCbCr_v1/RGB_YCbCr_v1.cr.mti,4819,7d26d4a5408b7139b6cea0d5db906b433b9510b809f3f344aa00d34f528e9f2a,,,excluded: generated build/simulator/IDE artifact or historical output,
RGB_YCbCr_total.zip,RGB_YCbCr_total/RGB_YCbCr_v1/RGB_YCbCr_v1.mpf,26259,5f4832b1ec3d3666e58d3d1a60b11687c2e7cf7ba0e6e4b66ca18aeba9cbce2b,,,excluded: historical IDE project metadata; setup facts documented separately,
RGB_YCbCr_total.zip,RGB_YCbCr_total/RGB_YCbCr_v1/R_2_Y.v,2307,55988e114ca6d55b784cc9feb57bb54edb3920448ee066adca8e498d84db49c4,archive/color/RGB_YCbCr_v1/R_2_Y.v,abf3e4f6c5bf90f7d5cb7c2ba22a93ca69f9921b3d3d3984121f5ce1602db1a8,retained; UTF-8/LF normalization only,utf-8
RGB_YCbCr_total.zip,RGB_YCbCr_total/RGB_YCbCr_v1/TFTLCDCtrl.v,1978,d463c80a643b703a8fcf48ef2114115e29882abd60239554a779d41088a7b031,archive/color/RGB_YCbCr_v1/TFTLCDCtrl.v,d463c80a643b703a8fcf48ef2114115e29882abd60239554a779d41088a7b031,retained; UTF-8/LF normalization only,utf-8
RGB_YCbCr_total.zip,RGB_YCbCr_total/RGB_YCbCr_v1/top.v,2358,1e5ad6a4a453be024e19af28bd52a912198bcc8b24f1cff0bee53d07b5dccc63,archive/color/RGB_YCbCr_v1/top.v,1e5ad6a4a453be024e19af28bd52a912198bcc8b24f1cff0bee53d07b5dccc63,retained; UTF-8/LF normalization only,utf-8
RGB_YCbCr_total.zip,RGB_YCbCr_total/RGB_YCbCr_v1/top.xdc,3342,cb1763ee63e12409dd37b9ddcb35800dc7209c5d15c2d00fbafc0dfaa9678868,archive/color/RGB_YCbCr_v1/top.xdc,452be79d11c269fbae0e85032670c4a5a44ae394ebffdee3a36c4a7f920af930,retained; UTF-8/LF normalization only,utf-8
RGB_YCbCr_total.zip,RGB_YCbCr_total/RGB_YCbCr_v1/transcript,2807,af4dfc5702bc4ac5f6b8775d0deb3fa7e7f88f17703cacf96b803dbd8fbae2f5,,,excluded: generated build/simulator/IDE artifact or historical output,
RGB_YCbCr_total.zip,RGB_YCbCr_total/RGB_YCbCr_v1/Unpacking.v,3560,c9a508979e9ca0c81cd8ceb731079a76162e93e1c857298e20f9513ed7dd3720,archive/color/RGB_YCbCr_v1/Unpacking.v,bf34c313021f54259dc974eb93fa7af2721b065f24f9bae791e13bf42cf25c61,retained; UTF-8/LF normalization only,utf-8
RGB_YCbCr_total.zip,RGB_YCbCr_total/RGB_YCbCr_v1/vertical.v,1089,66d59bee1c20acf9b5510b0c1466c9ff26e65f74c2c8fb6f635a128d36c6acbc,archive/color/RGB_YCbCr_v1/vertical.v,66d59bee1c20acf9b5510b0c1466c9ff26e65f74c2c8fb6f635a128d36c6acbc,retained; UTF-8/LF normalization only,utf-8
RGB_YCbCr_total.zip,RGB_YCbCr_total/RGB_YCbCr_v1/work/_info,7334,ae260778b322c71301b8fd9c2f3413d3a019f04e2024324a47b2c2884f0e024d,,,excluded: generated build/simulator/IDE artifact or historical output,
RGB_YCbCr_total.zip,RGB_YCbCr_total/RGB_YCbCr_v1/work/_lib.qdb,49152,457aa19f1158740260388e99dd832101efd7cc5d4a6229feb56064a0a392f7ee,,,excluded: generated build/simulator/IDE artifact or historical output,
RGB_YCbCr_total.zip,RGB_YCbCr_total/RGB_YCbCr_v1/work/_lib1_0.qdb,32768,31a6fb262532857321b1c0a7a879b073b105dfa6e908ea7601b5e60e1e417588,,,excluded: generated build/simulator/IDE artifact or historical output,
RGB_YCbCr_total.zip,RGB_YCbCr_total/RGB_YCbCr_v1/work/_lib1_0.qpg,270336,435012b24e91297d10a20859adf8662d6435a87b3ff93e487b305b8372a8fc6b,,,excluded: generated build/simulator/IDE artifact or historical output,
RGB_YCbCr_total.zip,RGB_YCbCr_total/RGB_YCbCr_v1/work/_lib1_0.qtl,179888,0f476e457e98f08861bbc35152d20c63fd1ffd2d973acad32eda9b0e8fa723df,,,excluded: generated build/simulator/IDE artifact or historical output,
RGB_YCbCr_total.zip,RGB_YCbCr_total/RGB_YCbCr_v1/work/_vmake,29,d287f8a335408d3f94fea840ad628f2cbed3775952c49131049ef8f60fd337c9,,,excluded: generated build/simulator/IDE artifact or historical output,
RGB_YCbCr_total.zip,RGB_YCbCr_total/RGB_YCbCr_v1/Y_2_R.v,1977,ab6e3c018eab4e6b598f1df676fad7838557f5c84313ae33231bf6cd7a3d1035,archive/color/RGB_YCbCr_v1/Y_2_R.v,58503fac984d532279eba0009174d662c22aa4146cf025b22e2d6b04f983271a,retained; UTF-8/LF normalization only,utf-8
RGB_YCbCr_total.zip,RGB_YCbCr_total/RGB_YCbCr_v2(filtering)/BRAMCtrl.v,1525,a91d39918be1d1f784cb28e7594328b60999b5c4b667f17555e9bc3176a7c150,rtl/BRAMCtrl.v,a91d39918be1d1f784cb28e7594328b60999b5c4b667f17555e9bc3176a7c150,duplicate mapped to existing source,utf-8
RGB_YCbCr_total.zip,RGB_YCbCr_total/RGB_YCbCr_v2(filtering)/CIS_IF.v,2703,6519355df7824eb44bc83b870754acf620ee6c61034e5cedd56fe190aedad571,rtl/CIS_IF.v,269c5c09289b319be49369d56b2a535ae6e51a7091c58722f8701b8929d96d38,duplicate mapped to existing source,utf-8
RGB_YCbCr_total.zip,RGB_YCbCr_total/RGB_YCbCr_v2(filtering)/conv.v,3191,b70e9df3995d19fe01476e5ff230734a6bdb601dfb59f0934b49a809c73ab46d,rtl/conv.v,5ff02c4e40e9212e5414f9740db4c72479ca8ae84197d5b32658fe1920648958,duplicate mapped to existing source,utf-8
RGB_YCbCr_total.zip,RGB_YCbCr_total/RGB_YCbCr_v2(filtering)/filtering.v,2672,0734062b078dfa3b20a21e26f622714227e2bcc0c9541110581d4ae7f528b70a,rtl/filtering.v,540ac5e53bc446964643b547c5df34ed6c4320d86d1eebbd417dbe9fb6c21023,duplicate mapped to existing source,utf-8
RGB_YCbCr_total.zip,RGB_YCbCr_total/RGB_YCbCr_v2(filtering)/filtering_v1.cr.mti,6903,328c41a37f24dbed2d06a84588735a7ae1ad2c7434265eb731f2058190e8fd40,,,excluded: generated build/simulator/IDE artifact or historical output,
RGB_YCbCr_total.zip,RGB_YCbCr_total/RGB_YCbCr_v2(filtering)/filtering_v1.mpf,30710,c170e7d3ff58f70b512a3388f959c96e200589824c50d558a854ee7f6ce636ae,,,excluded: historical IDE project metadata; setup facts documented separately,
RGB_YCbCr_total.zip,RGB_YCbCr_total/RGB_YCbCr_v2(filtering)/g2m.v,386,3c04d8f53e0cf53e2bf8f7163ca9e8e65ffe98b4852775db451028a747925473,rtl/g2m.v,0d9f0e58edd76959c66ff0903b29c3f5a0f7c07bb5e930c7312de110e3257676,duplicate mapped to existing source,cp949
RGB_YCbCr_total.zip,RGB_YCbCr_total/RGB_YCbCr_v2(filtering)/horizontal.v,2149,d61e18f12eb8cb6844d8ac788d1cb4b0cb7da0e5631053df6d3c537f8b0c6748,rtl/horizontal.v,f6b1475db4b1859ee0132f259c79dfcce20fd87551c04919be22442338f2d18b,duplicate mapped to existing source,utf-8
RGB_YCbCr_total.zip,RGB_YCbCr_total/RGB_YCbCr_v2(filtering)/I2C.ngc,34167,b21eaf761da871728a7f05d6a61d74f2e8632aaaef2f79a118ce0ca749e89025,,,excluded: compiled I2C netlist; source/license provenance not supplied,
RGB_YCbCr_total.zip,RGB_YCbCr_total/RGB_YCbCr_v2(filtering)/I2C.v,330,476ca9cfe72810a92539cba2e839313eacc74bc724a13e0b16147db21d9e793e,rtl/I2C.v,8a131f6566703124eefae042c9131c43f96bcea540885079f3f019b784209210,duplicate mapped to existing source,cp949
RGB_YCbCr_total.zip,RGB_YCbCr_total/RGB_YCbCr_v2(filtering)/i2cset.v,3486,0120ced7fae707bf88ef0c1f525ac8c8f3ab5e243cd796fc7fe9de212fcc1253,rtl/i2cset.v,6a53be8b5cbd65a0dec22a2a19032e9dcd62aa80e1f12f68c34c4e01f985780c,duplicate mapped to existing source,cp949
RGB_YCbCr_total.zip,RGB_YCbCr_total/RGB_YCbCr_v2(filtering)/i2c_top.v,851,77c81672648c934d98371c4e4f3bb0c678104488a28ac0975ba1eab51703ae5f,rtl/i2c_top.v,54a25f22cfbd8ffc9be37b95fd1bddc43e3ddcd532793bf3905257e7e82cf914,duplicate mapped to existing source,cp949
RGB_YCbCr_total.zip,RGB_YCbCr_total/RGB_YCbCr_v2(filtering)/line_ram.v,295,e56117cfc6b8fc34f71b31f877c22b960901502086ebc9ba2afc0f53362226b5,archive/memory_models/line_ram.v,2912efa2513ef01b506e992b03efbf244a328e8384d04d481ff2c21a227fa425,duplicate mapped to existing source,utf-8
RGB_YCbCr_total.zip,RGB_YCbCr_total/RGB_YCbCr_v2(filtering)/main_mem.v,290,913205e1286ecd619890ec48c3b46fe324451c0521814d8c701954d0cfc95965,archive/memory_models/main_mem.v,be420f6d0fc6e9a3f03e113c274becf5b71c8a6fa1f1dff3a1614a74e998e22e,duplicate mapped to existing source,utf-8
RGB_YCbCr_total.zip,RGB_YCbCr_total/RGB_YCbCr_v2(filtering)/packing.v,1873,0bfa9583378054a02a16e609ed4155069ba90384a1c578ddde55b182608114b9,rtl/packing.v,b729d6861b3160b8c21dd6d47314fb8f06b2e2a4d03530ba1bf1af97cfd3624f,duplicate mapped to existing source,utf-8
RGB_YCbCr_total.zip,RGB_YCbCr_total/RGB_YCbCr_v2(filtering)/packing_unpakcing.v,712,f3ba6e32176e533bcf789b1fc869842ee9e868661a75df3e33c3fd874a484243,rtl/packing_unpakcing.v,f3ba6e32176e533bcf789b1fc869842ee9e868661a75df3e33c3fd874a484243,duplicate mapped to existing source,utf-8
RGB_YCbCr_total.zip,RGB_YCbCr_total/RGB_YCbCr_v2(filtering)/R_2_Y.v,2307,55988e114ca6d55b784cc9feb57bb54edb3920448ee066adca8e498d84db49c4,rtl/R_2_Y.v,abf3e4f6c5bf90f7d5cb7c2ba22a93ca69f9921b3d3d3984121f5ce1602db1a8,duplicate mapped to existing source,utf-8
RGB_YCbCr_total.zip,RGB_YCbCr_total/RGB_YCbCr_v2(filtering)/tb_packing_unpackin.v,5598,c068e2a35c6c7aa4dbd02da8086d3f20982f15946f522f810b4efaee6614dc7c,sim/original/tb_packing_unpackin.v,1a968061462f8c78e8411b26b714e9b096f8d81b943f48d766d9b15b472fb38f,duplicate mapped to existing source,utf-8
RGB_YCbCr_total.zip,RGB_YCbCr_total/RGB_YCbCr_v2(filtering)/tb_process.v,1776,fd76167e982a200e36dcf05d1038fc5d023ec496751e5fe6b267db0955a6f7e1,sim/original/tb_process.v,647429bec7689cbe7db3bf78794fcef9c9bb95ae763c104dc7432ad0c8519209,duplicate mapped to existing source,utf-8
RGB_YCbCr_total.zip,RGB_YCbCr_total/RGB_YCbCr_v2(filtering)/tb_TFTLCDCtrl.v,1085,7fd84c57bc2cd97580d168aa0e8cf390990ff417ed6f5a2d80a1c9371d2adabf,sim/original/tb_TFTLCDCtrl.v,a4181222f068f4f143113d02bb19ca2ea1a6ad79e7758c9543a24142023989a3,duplicate mapped to existing source,utf-8
RGB_YCbCr_total.zip,RGB_YCbCr_total/RGB_YCbCr_v2(filtering)/TFTLCDCtrl.v,2382,edbd31261a0888ba56e0079e6141ecd20456e09197600dfe86dfa1d7dd80bbeb,rtl/TFTLCDCtrl.v,edbd31261a0888ba56e0079e6141ecd20456e09197600dfe86dfa1d7dd80bbeb,duplicate mapped to existing source,utf-8
RGB_YCbCr_total.zip,RGB_YCbCr_total/RGB_YCbCr_v2(filtering)/top.v,2358,1e5ad6a4a453be024e19af28bd52a912198bcc8b24f1cff0bee53d07b5dccc63,rtl/top.v,1e5ad6a4a453be024e19af28bd52a912198bcc8b24f1cff0bee53d07b5dccc63,duplicate mapped to existing source,utf-8
RGB_YCbCr_total.zip,RGB_YCbCr_total/RGB_YCbCr_v2(filtering)/top.xdc,3342,cb1763ee63e12409dd37b9ddcb35800dc7209c5d15c2d00fbafc0dfaa9678868,constraints/top.xdc,452be79d11c269fbae0e85032670c4a5a44ae394ebffdee3a36c4a7f920af930,duplicate mapped to existing source,utf-8
RGB_YCbCr_total.zip,RGB_YCbCr_total/RGB_YCbCr_v2(filtering)/transcript,26662,8babffa3495384ea31b823742204f4fe87252be5a228c66cbe27999944a2a356,,,excluded: generated build/simulator/IDE artifact or historical output,
RGB_YCbCr_total.zip,RGB_YCbCr_total/RGB_YCbCr_v2(filtering)/Unpacking.v,3560,c9a508979e9ca0c81cd8ceb731079a76162e93e1c857298e20f9513ed7dd3720,rtl/Unpacking.v,bf34c313021f54259dc974eb93fa7af2721b065f24f9bae791e13bf42cf25c61,duplicate mapped to existing source,utf-8
RGB_YCbCr_total.zip,RGB_YCbCr_total/RGB_YCbCr_v2(filtering)/vertical.v,1090,c77da9d3e29382311677e0ceded41bfb1b687a910108d0c7b164a89e5bbe336a,rtl/vertical.v,c77da9d3e29382311677e0ceded41bfb1b687a910108d0c7b164a89e5bbe336a,duplicate mapped to existing source,utf-8
RGB_YCbCr_total.zip,RGB_YCbCr_total/RGB_YCbCr_v2(filtering)/vsim.wlf,114688,f0df75d72e97668efb13cc328bbe27b0755c3eeb7f5b31e0b23dd7680a08e88d,,,excluded: generated build/simulator/IDE artifact or historical output,
RGB_YCbCr_total.zip,RGB_YCbCr_total/RGB_YCbCr_v2(filtering)/wlft0gmvtv,49152,43c66f2bb9f89a1ec4b9e15065e9de3e44aa6751cef3f0cf33e84d3126984162,,,excluded: generated build/simulator/IDE artifact or historical output,
RGB_YCbCr_total.zip,RGB_YCbCr_total/RGB_YCbCr_v2(filtering)/wlft94n75w,131072,54eb05881b2ea5dc86c7b72cc8e49c63ea231bc5dafc5a1494d8135260b45b47,,,excluded: generated build/simulator/IDE artifact or historical output,
RGB_YCbCr_total.zip,RGB_YCbCr_total/RGB_YCbCr_v2(filtering)/wlftj8jn9j,49152,5b3e586f6f322eaaa3c5664599ac86692e5a21bc45ed7ffefe5631bfa90848ef,,,excluded: generated build/simulator/IDE artifact or historical output,
RGB_YCbCr_total.zip,RGB_YCbCr_total/RGB_YCbCr_v2(filtering)/wlftkca3hg,49152,21bb54beab513075591e22049164b4c5d9b6478ad67b73e747caabc4b84fd5cd,,,excluded: generated build/simulator/IDE artifact or historical output,
RGB_YCbCr_total.zip,RGB_YCbCr_total/RGB_YCbCr_v2(filtering)/wlftm6xh96,57344,2ba4342f53c443ea6c02650e046e97a502ad3986d0f46b1111bc7dd6255a916d,,,excluded: generated build/simulator/IDE artifact or historical output,
RGB_YCbCr_total.zip,RGB_YCbCr_total/RGB_YCbCr_v2(filtering)/wlftwcfx11,106496,f360e033429f816a243b9f66fb55f275135a65275235d5fdfd7afc7e05d7841f,,,excluded: generated build/simulator/IDE artifact or historical output,
RGB_YCbCr_total.zip,RGB_YCbCr_total/RGB_YCbCr_v2(filtering)/wlftyq85ef,57344,eefe6601d4780fcd7e8217d526150abe92fe2293b64c57fd235f1d4aaa97f431,,,excluded: generated build/simulator/IDE artifact or historical output,
RGB_YCbCr_total.zip,RGB_YCbCr_total/RGB_YCbCr_v2(filtering)/wlftz55iqz,352256,4d31d5cf2a5ea89b4759720c5a2b8333eee493d2e03f93d17b0bdfb9bd340c5f,,,excluded: generated build/simulator/IDE artifact or historical output,
RGB_YCbCr_total.zip,RGB_YCbCr_total/RGB_YCbCr_v2(filtering)/work/_info,12477,c3e2b95b81606562fbad9cf98e05c9af2a1b92ee662f24f43f3a045ca4875a7e,,,excluded: generated build/simulator/IDE artifact or historical output,
RGB_YCbCr_total.zip,RGB_YCbCr_total/RGB_YCbCr_v2(filtering)/work/_lib.qdb,49152,8f6f7c727da0634f7a325dfe9d822ecdc97b22186a652eb88e0ea8064cc4c124,,,excluded: generated build/simulator/IDE artifact or historical output,
RGB_YCbCr_total.zip,RGB_YCbCr_total/RGB_YCbCr_v2(filtering)/work/_lib1_10.qdb,32768,99aad772276ae398b100d76be64fe09a91cf5a843793dff763eed13034d30484,,,excluded: generated build/simulator/IDE artifact or historical output,
RGB_YCbCr_total.zip,RGB_YCbCr_total/RGB_YCbCr_v2(filtering)/work/_lib1_10.qpg,409600,40645d43870b8cfd9c4992936abaa8c44e2362c694a623f323c78e4fc56ef2f5,,,excluded: generated build/simulator/IDE artifact or historical output,
RGB_YCbCr_total.zip,RGB_YCbCr_total/RGB_YCbCr_v2(filtering)/work/_lib1_10.qtl,266611,69be64d8ab276628121c9cd03c22b343f8b0ce1e12ec657325a026195aa8ba70,,,excluded: generated build/simulator/IDE artifact or historical output,
RGB_YCbCr_total.zip,RGB_YCbCr_total/RGB_YCbCr_v2(filtering)/work/_vmake,29,d287f8a335408d3f94fea840ad628f2cbed3775952c49131049ef8f60fd337c9,,,excluded: generated build/simulator/IDE artifact or historical output,
RGB_YCbCr_total.zip,RGB_YCbCr_total/RGB_YCbCr_v2(filtering)/Y_2_R.v,1977,ab6e3c018eab4e6b598f1df676fad7838557f5c84313ae33231bf6cd7a3d1035,rtl/Y_2_R.v,58503fac984d532279eba0009174d662c22aa4146cf025b22e2d6b04f983271a,duplicate mapped to existing source,utf-8
Packing_Unpacking_total.zip,Packing_Unpacking_total/Packing_Unpacking/packing.v,1378,fcd9e9fa2d4c98249102ac3739b5d0549a2a2afdcdf24db323daa531a9ff9822,archive/packing/Packing_Unpacking/packing.v,9f29379661d1b4d9dd8ca44da6f5bc3cffcc2f524a1b40dd2f09c484ebbabd66,retained; UTF-8/LF normalization only,utf-8
Packing_Unpacking_total.zip,Packing_Unpacking_total/Packing_Unpacking/packing_unpakcing.v,743,a313a1fc7006f820bede77117ee41e8145096c7c17f8d42c28303c32469d8d7c,archive/packing/Packing_Unpacking/packing_unpakcing.v,99847f2e4f815c9d4d43243b9eb4d3dc40786b510d913271d73cb2ac35361e60,retained; UTF-8/LF normalization only,utf-8
Packing_Unpacking_total.zip,Packing_Unpacking_total/Packing_Unpacking/Unpacking.v,1292,ad569d16ff748f8edd30e357e45a28927113a9f97b9fe7780e50f1c108b1fb5b,archive/packing/Packing_Unpacking/Unpacking.v,54d1fb63f87af23de3794c24ea5d374b078ba0f68bd1b674e0024cfd4df75129,retained; UTF-8/LF normalization only,utf-8
Packing_Unpacking_total.zip,Packing_Unpacking_total/Packing_Unpacking_v2/packing.v,1730,93b9b6dbce42668a30df7f9bcbf946e68a1411afed112f65210acc885dd863cd,archive/packing/Packing_Unpacking_v2/packing.v,de1b60c2381b21e92ab1b9e624cdf3d19aec35b8bcde533717b82636cae1c929,retained; UTF-8/LF normalization only,utf-8
Packing_Unpacking_total.zip,Packing_Unpacking_total/Packing_Unpacking_v2/packing_unpakcing.v,1032,8756871947b370ee39979ec706d63119b611dca7c54372fd6005ffb7744a7642,archive/packing/Packing_Unpacking_v2/packing_unpakcing.v,8756871947b370ee39979ec706d63119b611dca7c54372fd6005ffb7744a7642,retained; UTF-8/LF normalization only,utf-8
Packing_Unpacking_total.zip,Packing_Unpacking_total/Packing_Unpacking_v2/Packing_v2.cr.mti,2223,dca2e4e2033657bd63b72eea6afdb4584300a10d19a4486021fc3540cdc5bf4a,,,excluded: generated build/simulator/IDE artifact or historical output,
Packing_Unpacking_total.zip,Packing_Unpacking_total/Packing_Unpacking_v2/Packing_v2.mpf,21453,13a661533e1371a0f8d1bcd02104da61adfafaf121b99db3371355df38f93c05,,,excluded: historical IDE project metadata; setup facts documented separately,
Packing_Unpacking_total.zip,Packing_Unpacking_total/Packing_Unpacking_v2/spsram512x16.v,260,50399dcd63ad51d5d3eeddf4586e7ed5cefc64a7c767ad6e758d2c846777d598,archive/packing/Packing_Unpacking_v2/spsram512x16.v,50399dcd63ad51d5d3eeddf4586e7ed5cefc64a7c767ad6e758d2c846777d598,retained; UTF-8/LF normalization only,utf-8
Packing_Unpacking_total.zip,Packing_Unpacking_total/Packing_Unpacking_v2/tb_packing.v,979,f83be936698c913045ad571ae42f9926d952461c1b3ccd80058c1b6326508819,archive/packing/Packing_Unpacking_v2/tb_packing.v,1f9d107f9ea3cc996cf6ceaf448b1a3b7326f70cf9624eb837d9bcadaf711e69,retained; UTF-8/LF normalization only,utf-8
Packing_Unpacking_total.zip,Packing_Unpacking_total/Packing_Unpacking_v2/tb_packing.v.bak,969,582773a0b99862c4c88d6cc6b75a0d0080c0c476c911085df878858cfe19f148,,,excluded: generated build/simulator/IDE artifact or historical output,
Packing_Unpacking_total.zip,Packing_Unpacking_total/Packing_Unpacking_v2/tb_top.v,6162,c9f1e346f9e853e57bd53a2e86f91faf4a10b96ae30afea2b30667731cc8168c,archive/packing/Packing_Unpacking_v2/tb_top.v,97ca6f674a650b6f8469520563505572c6a7f735793fe9fef3d3f8588eb56b68,retained; UTF-8/LF normalization only,utf-8
Packing_Unpacking_total.zip,Packing_Unpacking_total/Packing_Unpacking_v2/tb_unpacking.v,1018,b6c9e3347e58a3f8ffc92d1cdac3f0709f8caf9ec1bff7dbd4763866efcfc2ce,archive/packing/Packing_Unpacking_v2/tb_unpacking.v,4a6da50fe997b3ba1b229c342f52fc0904e78af29d5ebb71cca886af3e82e930,retained; UTF-8/LF normalization only,utf-8
Packing_Unpacking_total.zip,Packing_Unpacking_total/Packing_Unpacking_v2/transcript,3741,12e65aa7eafac22bac33012bceb29c13865b400644860084580522b99d245c2e,,,excluded: generated build/simulator/IDE artifact or historical output,
Packing_Unpacking_total.zip,Packing_Unpacking_total/Packing_Unpacking_v2/Unpacking.v,1830,9a236940b1c912aa2ea856a996d1f733a76c3d9f85c0a18f8377686fbdfbc874,archive/packing/Packing_Unpacking_v2/Unpacking.v,413a15e9b5fa04b855a6f7c5cea3b2ee17acd3336be382e00310a337a604f6e7,retained; UTF-8/LF normalization only,utf-8
Packing_Unpacking_total.zip,Packing_Unpacking_total/Packing_Unpacking_v2/vsim.wlf,65536,51bb893da33983b55b5db994ada331ebf42f902e675ddb20ed6f5b9de356623a,,,excluded: generated build/simulator/IDE artifact or historical output,
Packing_Unpacking_total.zip,Packing_Unpacking_total/Packing_Unpacking_v2/wave.do,6417,21fa50637eb4b94522f52c0249b6b4bc8c92790e2547abdd8e76f78ed568ac47,,,excluded: generated build/simulator/IDE artifact or historical output,
Packing_Unpacking_total.zip,Packing_Unpacking_total/Packing_Unpacking_v2/work/_info,4259,c864cf3f3fbd802f21c100738581d1f5ee1b346aa673f06282fde75369c47718,,,excluded: generated build/simulator/IDE artifact or historical output,
Packing_Unpacking_total.zip,Packing_Unpacking_total/Packing_Unpacking_v2/work/_lib.qdb,49152,bead7089430443d0ec4870172d2ed3091badd78773b55a773788b7698f725aa1,,,excluded: generated build/simulator/IDE artifact or historical output,
Packing_Unpacking_total.zip,Packing_Unpacking_total/Packing_Unpacking_v2/work/_lib1_7.qdb,32768,45b875bbd4f6ca126de60ce645dde5ed12095b16dcfe2db83bce109357fccbc2,,,excluded: generated build/simulator/IDE artifact or historical output,
Packing_Unpacking_total.zip,Packing_Unpacking_total/Packing_Unpacking_v2/work/_lib1_7.qpg,204800,8c3d769319021442ce9194cb9e2ec2bfc9618b405d35656115628ce475581a5e,,,excluded: generated build/simulator/IDE artifact or historical output,
Packing_Unpacking_total.zip,Packing_Unpacking_total/Packing_Unpacking_v2/work/_lib1_7.qtl,259311,a69773a688063282843203e773d53354a61347cd07ec6e77727cc891a3d6c24f,,,excluded: generated build/simulator/IDE artifact or historical output,
Packing_Unpacking_total.zip,Packing_Unpacking_total/Packing_Unpacking_v2/work/_vmake,29,d287f8a335408d3f94fea840ad628f2cbed3775952c49131049ef8f60fd337c9,,,excluded: generated build/simulator/IDE artifact or historical output,
Packing_Unpacking_total.zip,Packing_Unpacking_total/Packing_Unpacking_v3/packing.v,1491,f9177ea60aa268f6df76d9c68ad1d6faca8770c9fb8c887bda65231e11872fa8,archive/packing/Packing_Unpacking_v3/packing.v,f47a3a3490b0be94c2495d376b65aa9da2a3e8507652269ac04b771b8229ba87,retained; UTF-8/LF normalization only,utf-8
Packing_Unpacking_total.zip,Packing_Unpacking_total/Packing_Unpacking_v3/packing_unpacking_v3.cr.mti,2223,0431594d502d261fea3808ab72009059f23cb4f2fba3f4b63c45acaa2875bd09,,,excluded: generated build/simulator/IDE artifact or historical output,
Packing_Unpacking_total.zip,Packing_Unpacking_total/Packing_Unpacking_v3/packing_unpacking_v3.mpf,21450,e86d95aaf22e0e7f1930276521e8b3fcb786403b34f431d9d62ae44f763f640b,,,excluded: historical IDE project metadata; setup facts documented separately,
Packing_Unpacking_total.zip,Packing_Unpacking_total/Packing_Unpacking_v3/packing_unpakcing.v,1002,0ba3250a58f1c28d1a452bacebc8da221df4f8b8ba0695101912b03161ed190c,archive/packing/Packing_Unpacking_v3/packing_unpakcing.v,0ba3250a58f1c28d1a452bacebc8da221df4f8b8ba0695101912b03161ed190c,retained; UTF-8/LF normalization only,utf-8
Packing_Unpacking_total.zip,Packing_Unpacking_total/Packing_Unpacking_v3/spsram512x16.v,260,50399dcd63ad51d5d3eeddf4586e7ed5cefc64a7c767ad6e758d2c846777d598,archive/packing/Packing_Unpacking_v3/spsram512x16.v,50399dcd63ad51d5d3eeddf4586e7ed5cefc64a7c767ad6e758d2c846777d598,retained; UTF-8/LF normalization only,utf-8
Packing_Unpacking_total.zip,Packing_Unpacking_total/Packing_Unpacking_v3/tb_packing.v,979,f83be936698c913045ad571ae42f9926d952461c1b3ccd80058c1b6326508819,archive/packing/Packing_Unpacking_v3/tb_packing.v,1f9d107f9ea3cc996cf6ceaf448b1a3b7326f70cf9624eb837d9bcadaf711e69,retained; UTF-8/LF normalization only,utf-8
Packing_Unpacking_total.zip,Packing_Unpacking_total/Packing_Unpacking_v3/tb_top.v,6168,6516ea7dcc5f55ad91e06bcdcc0d4a3dbe42812ac8e5e4b3416f9bf1d9bb959b,archive/packing/Packing_Unpacking_v3/tb_top.v,d4ea87956f3b4e5b2501ed5be9065ade395ebd307526982377ea0b1b754fbee4,retained; UTF-8/LF normalization only,utf-8
Packing_Unpacking_total.zip,Packing_Unpacking_total/Packing_Unpacking_v3/tb_unpacking.v,1018,b6c9e3347e58a3f8ffc92d1cdac3f0709f8caf9ec1bff7dbd4763866efcfc2ce,archive/packing/Packing_Unpacking_v3/tb_unpacking.v,4a6da50fe997b3ba1b229c342f52fc0904e78af29d5ebb71cca886af3e82e930,retained; UTF-8/LF normalization only,utf-8
Packing_Unpacking_total.zip,Packing_Unpacking_total/Packing_Unpacking_v3/transcript,0,e3b0c44298fc1c149afbf4c8996fb92427ae41e4649b934ca495991b7852b855,,,excluded: generated build/simulator/IDE artifact or historical output,
Packing_Unpacking_total.zip,Packing_Unpacking_total/Packing_Unpacking_v3/Unpacking.v,1325,50e2d4a7892319f46b5992e32cce268808c98f492d7cd253648ebd1bfbf41078,archive/packing/Packing_Unpacking_v3/Unpacking.v,0277d235ef99ea40e4fd53986cdd2ad3a5e5ece0f6e390bf6972e5f7b90dd35a,retained; UTF-8/LF normalization only,utf-8
Packing_Unpacking_total.zip,Packing_Unpacking_total/Packing_Unpacking_v3/vsim.wlf,49152,3f3eefe5777c66a28d6aa4087d7cdcd5b2afd56f1c0b45427e89d64983dcff72,,,excluded: generated build/simulator/IDE artifact or historical output,
Packing_Unpacking_total.zip,Packing_Unpacking_total/Packing_Unpacking_v3/work/_info,3522,a7cfae64566e3471ffdbfa20fbd1e4cdc2abc2994e2e95c285d712e5dad7085e,,,excluded: generated build/simulator/IDE artifact or historical output,
Packing_Unpacking_total.zip,Packing_Unpacking_total/Packing_Unpacking_v3/work/_lib.qdb,49152,d4164184ebd36641e61c70c61f2de4c58238117ba44947728b142aead15a8fb6,,,excluded: generated build/simulator/IDE artifact or historical output,
Packing_Unpacking_total.zip,Packing_Unpacking_total/Packing_Unpacking_v3/work/_lib1_3.qdb,32768,559090c93fd5f05bfeb458bd551ca02ac53d1b1c096e3ee9215714d31e02c393,,,excluded: generated build/simulator/IDE artifact or historical output,
Packing_Unpacking_total.zip,Packing_Unpacking_total/Packing_Unpacking_v3/work/_lib1_3.qpg,131072,3d262dae707c0c479fddeb2f8359a434e755c37d19f2595a620c8588cdeb2b6d,,,excluded: generated build/simulator/IDE artifact or historical output,
Packing_Unpacking_total.zip,Packing_Unpacking_total/Packing_Unpacking_v3/work/_lib1_3.qtl,160585,2107a7506ca5a1dd31f4ef5b6940b266392313a71aa6e495ddf4b1a201d5c600,,,excluded: generated build/simulator/IDE artifact or historical output,
Packing_Unpacking_total.zip,Packing_Unpacking_total/Packing_Unpacking_v3/work/_vmake,29,d287f8a335408d3f94fea840ad628f2cbed3775952c49131049ef8f60fd337c9,,,excluded: generated build/simulator/IDE artifact or historical output,
Packing_Unpacking_total.zip,Packing_Unpacking_total/packing_unpacking_v4/packing.v,1866,eccaf94219ec9921d9334c3db0b2c0cec277d1f2d93827f867a35ab5e5563acf,archive/packing/packing_unpacking_v4/packing.v,f8e585807f87ec3b847690522460a5be2cf5f5d97c2d2c8fa972c3513c443493,retained; UTF-8/LF normalization only,utf-8
Packing_Unpacking_total.zip,Packing_Unpacking_total/packing_unpacking_v4/packing_unpacking_v4.cr.mti,1587,056ed5de560dd3a5e8dfddc034e1e2995c5dcc817e60e4464ef1d616e09debed,,,excluded: generated build/simulator/IDE artifact or historical output,
Packing_Unpacking_total.zip,Packing_Unpacking_total/packing_unpacking_v4/packing_unpacking_v4.mpf,20270,846fe2ae6dcadf424f86acb2d9d7bac0be7b2c0da79068ba0914b185f3b2e93a,,,excluded: historical IDE project metadata; setup facts documented separately,
Packing_Unpacking_total.zip,Packing_Unpacking_total/packing_unpacking_v4/packing_unpakcing.v,1002,0ba3250a58f1c28d1a452bacebc8da221df4f8b8ba0695101912b03161ed190c,archive/packing/packing_unpacking_v4/packing_unpakcing.v,0ba3250a58f1c28d1a452bacebc8da221df4f8b8ba0695101912b03161ed190c,retained; UTF-8/LF normalization only,utf-8
Packing_Unpacking_total.zip,Packing_Unpacking_total/packing_unpacking_v4/spsram512x16.v,260,50399dcd63ad51d5d3eeddf4586e7ed5cefc64a7c767ad6e758d2c846777d598,archive/packing/packing_unpacking_v4/spsram512x16.v,50399dcd63ad51d5d3eeddf4586e7ed5cefc64a7c767ad6e758d2c846777d598,retained; UTF-8/LF normalization only,utf-8
Packing_Unpacking_total.zip,Packing_Unpacking_total/packing_unpacking_v4/tb_top.v,5457,a9f4990e2f59579a149c16db2f0671a6d2912d7c424cffe37a03544d589b0067,archive/packing/packing_unpacking_v4/tb_top.v,19b363dce55588c564aab77c6e060fb7fae6321d932d8c86b49ebf601107c42d,retained; UTF-8/LF normalization only,utf-8
Packing_Unpacking_total.zip,Packing_Unpacking_total/packing_unpacking_v4/transcript,0,e3b0c44298fc1c149afbf4c8996fb92427ae41e4649b934ca495991b7852b855,,,excluded: generated build/simulator/IDE artifact or historical output,
Packing_Unpacking_total.zip,Packing_Unpacking_total/packing_unpacking_v4/Unpacking.v,3024,140db3bedb1919aa15b37581b5802482ad1406a1cabdb8aeb8a06faf202b817c,archive/packing/packing_unpacking_v4/Unpacking.v,e83e851d6b730d5411029bc774c2896446280d3a6814fe1e02275c849d820ba0,retained; UTF-8/LF normalization only,utf-8
Packing_Unpacking_total.zip,Packing_Unpacking_total/packing_unpacking_v4/vsim.wlf,57344,ad25ae3967e6120b29576a76e0132139a2876e2f47cea614fe88559eca6ec1df,,,excluded: generated build/simulator/IDE artifact or historical output,
Packing_Unpacking_total.zip,Packing_Unpacking_total/packing_unpacking_v4/wlfte7k3rk,49152,dd54a2c80955ae756b6cfb9906de33626ead6e809c83683359ba90ba5ee64564,,,excluded: generated build/simulator/IDE artifact or historical output,
Packing_Unpacking_total.zip,Packing_Unpacking_total/packing_unpacking_v4/work/_info,2623,7f761c42bd748660ea17dde6e0b551a1ec7e8d9b240b0ad91defb0a49d730ea3,,,excluded: generated build/simulator/IDE artifact or historical output,
Packing_Unpacking_total.zip,Packing_Unpacking_total/packing_unpacking_v4/work/_lib.qdb,49152,ee9fd87043a91cb194e7e6b7b6d097f7b73cfd33c371957aaf3ea61f71994eae,,,excluded: generated build/simulator/IDE artifact or historical output,
Packing_Unpacking_total.zip,Packing_Unpacking_total/packing_unpacking_v4/work/_lib1_5.qdb,32768,38c7202f247588ce45ee6dd522a1396367449a012633349c4d561400e901474e,,,excluded: generated build/simulator/IDE artifact or historical output,
Packing_Unpacking_total.zip,Packing_Unpacking_total/packing_unpacking_v4/work/_lib1_5.qpg,172032,61896e10487fade1c10115ba1a960feaabaa84af9ded5353593d63df46c0c4c0,,,excluded: generated build/simulator/IDE artifact or historical output,
Packing_Unpacking_total.zip,Packing_Unpacking_total/packing_unpacking_v4/work/_lib1_5.qtl,160256,6ab3e3c8908626de99d0791df943a4098ab19485d9d92641c47591a0e26ad29c,,,excluded: generated build/simulator/IDE artifact or historical output,
Packing_Unpacking_total.zip,Packing_Unpacking_total/packing_unpacking_v4/work/_vmake,29,d287f8a335408d3f94fea840ad628f2cbed3775952c49131049ef8f60fd337c9,,,excluded: generated build/simulator/IDE artifact or historical output,
Packing_Unpacking_total.zip,Packing_Unpacking_total/Packing_Unpacking_v5/BRAMCtrl.v,1318,ef01a98a898dd46c46c2942c5cfc17935006c189ed6aaf46f8296c92c1436653,archive/packing/Packing_Unpacking_v5/BRAMCtrl.v,ef01a98a898dd46c46c2942c5cfc17935006c189ed6aaf46f8296c92c1436653,retained; UTF-8/LF normalization only,utf-8
Packing_Unpacking_total.zip,Packing_Unpacking_total/Packing_Unpacking_v5/g2m.v,386,3c04d8f53e0cf53e2bf8f7163ca9e8e65ffe98b4852775db451028a747925473,archive/packing/Packing_Unpacking_v5/g2m.v,0d9f0e58edd76959c66ff0903b29c3f5a0f7c07bb5e930c7312de110e3257676,retained; UTF-8/LF normalization only,cp949
Packing_Unpacking_total.zip,Packing_Unpacking_total/Packing_Unpacking_v5/horizontal.v,1837,b9cf966a78755fade80267b0cd86c2799bd9e012864916f439efd4b46e470c3f,archive/packing/Packing_Unpacking_v5/horizontal.v,6d69f169457b83decba2085d9156a162bc2e0dbcf2e4babd108215704f34473c,retained; UTF-8/LF normalization only,utf-8
Packing_Unpacking_total.zip,Packing_Unpacking_total/Packing_Unpacking_v5/packing.v,1866,eccaf94219ec9921d9334c3db0b2c0cec277d1f2d93827f867a35ab5e5563acf,archive/packing/Packing_Unpacking_v5/packing.v,f8e585807f87ec3b847690522460a5be2cf5f5d97c2d2c8fa972c3513c443493,retained; UTF-8/LF normalization only,utf-8
Packing_Unpacking_total.zip,Packing_Unpacking_total/Packing_Unpacking_v5/packing_unpacking.cr.mti,2,7eb70257593da06f682a3ddda54a9d260d4fc514f645237f5ca74b08f8da61a6,,,excluded: generated build/simulator/IDE artifact or historical output,
Packing_Unpacking_total.zip,Packing_Unpacking_total/Packing_Unpacking_v5/packing_unpacking.mpf,23117,3321e7b461d08215d1885a5cd308e7733b886ad2c77074d4cfefe8fd8c5dd3f5,,,excluded: historical IDE project metadata; setup facts documented separately,
Packing_Unpacking_total.zip,Packing_Unpacking_total/Packing_Unpacking_v5/packing_unpakcing.v,1002,0ba3250a58f1c28d1a452bacebc8da221df4f8b8ba0695101912b03161ed190c,archive/packing/Packing_Unpacking_v5/packing_unpakcing.v,0ba3250a58f1c28d1a452bacebc8da221df4f8b8ba0695101912b03161ed190c,retained; UTF-8/LF normalization only,utf-8
Packing_Unpacking_total.zip,Packing_Unpacking_total/Packing_Unpacking_v5/spsram512x16.v,260,50399dcd63ad51d5d3eeddf4586e7ed5cefc64a7c767ad6e758d2c846777d598,archive/packing/Packing_Unpacking_v5/spsram512x16.v,50399dcd63ad51d5d3eeddf4586e7ed5cefc64a7c767ad6e758d2c846777d598,retained; UTF-8/LF normalization only,utf-8
Packing_Unpacking_total.zip,Packing_Unpacking_total/Packing_Unpacking_v5/tb_top.v,5457,a9f4990e2f59579a149c16db2f0671a6d2912d7c424cffe37a03544d589b0067,archive/packing/Packing_Unpacking_v5/tb_top.v,19b363dce55588c564aab77c6e060fb7fae6321d932d8c86b49ebf601107c42d,retained; UTF-8/LF normalization only,utf-8
Packing_Unpacking_total.zip,Packing_Unpacking_total/Packing_Unpacking_v5/TFTLCDCtrl.v,1954,28eb72caf3c43793c40dc019e400a6a56de37d89de6299c1145210284aeffa47,archive/packing/Packing_Unpacking_v5/TFTLCDCtrl.v,28eb72caf3c43793c40dc019e400a6a56de37d89de6299c1145210284aeffa47,retained; UTF-8/LF normalization only,utf-8
Packing_Unpacking_total.zip,Packing_Unpacking_total/Packing_Unpacking_v5/transcript,0,e3b0c44298fc1c149afbf4c8996fb92427ae41e4649b934ca495991b7852b855,,,excluded: generated build/simulator/IDE artifact or historical output,
Packing_Unpacking_total.zip,Packing_Unpacking_total/Packing_Unpacking_v5/Unpacking.v,3024,140db3bedb1919aa15b37581b5802482ad1406a1cabdb8aeb8a06faf202b817c,archive/packing/Packing_Unpacking_v5/Unpacking.v,e83e851d6b730d5411029bc774c2896446280d3a6814fe1e02275c849d820ba0,retained; UTF-8/LF normalization only,utf-8
Packing_Unpacking_total.zip,Packing_Unpacking_total/Packing_Unpacking_v5/vertical.v,1089,66d59bee1c20acf9b5510b0c1466c9ff26e65f74c2c8fb6f635a128d36c6acbc,archive/packing/Packing_Unpacking_v5/vertical.v,66d59bee1c20acf9b5510b0c1466c9ff26e65f74c2c8fb6f635a128d36c6acbc,retained; UTF-8/LF normalization only,utf-8
Packing_Unpacking_total.zip,Packing_Unpacking_total/Packing_Unpacking_v5/work/_info,115,cba3b976304554dba8f388efde4045446a8de8a7a270d451cc4486f313de3f8f,,,excluded: generated build/simulator/IDE artifact or historical output,
Packing_Unpacking_total.zip,Packing_Unpacking_total/Packing_Unpacking_v6/packing.v,2416,1fea6752fa851781f8528996e024db2ffb9fa86c183ce06fec73f504ae497bb9,archive/packing/Packing_Unpacking_v6/packing.v,707557325cdf433bc8ca083683b68f1246faeb3400457ebbac19185d93803cd1,retained; UTF-8/LF normalization only,utf-8
Packing_Unpacking_total.zip,Packing_Unpacking_total/Packing_Unpacking_v6/Packing_Unpacking_v6.cr.mti,1283,3e4441dbfd739754023ad05d58e208c78e661324b56901b5a9e4862c58241943,,,excluded: generated build/simulator/IDE artifact or historical output,
Packing_Unpacking_total.zip,Packing_Unpacking_total/Packing_Unpacking_v6/Packing_Unpacking_v6.mpf,20268,47ae790235f043217792d0c16916cab310892e90427adfcf727612cb2900b93c,,,excluded: historical IDE project metadata; setup facts documented separately,
Packing_Unpacking_total.zip,Packing_Unpacking_total/Packing_Unpacking_v6/packing_unpakcing.v,1021,73ccd2800386fefdbd10cfa7c081cee416310edc6a77535eacfb7e219138150c,archive/packing/Packing_Unpacking_v6/packing_unpakcing.v,73ccd2800386fefdbd10cfa7c081cee416310edc6a77535eacfb7e219138150c,retained; UTF-8/LF normalization only,utf-8
Packing_Unpacking_total.zip,Packing_Unpacking_total/Packing_Unpacking_v6/spsram512x16.v,260,50399dcd63ad51d5d3eeddf4586e7ed5cefc64a7c767ad6e758d2c846777d598,archive/packing/Packing_Unpacking_v6/spsram512x16.v,50399dcd63ad51d5d3eeddf4586e7ed5cefc64a7c767ad6e758d2c846777d598,retained; UTF-8/LF normalization only,utf-8
Packing_Unpacking_total.zip,Packing_Unpacking_total/Packing_Unpacking_v6/tb_top.v,5466,2ff298c43c197d5d2cd40a4e08da0c0b25f05c22895a23febbf47536e8eb07d0,archive/packing/Packing_Unpacking_v6/tb_top.v,ec3215cd7b1614f6784e77901e4d8c1d1b215bf1298b9bac89bda9f7bf3455e9,retained; UTF-8/LF normalization only,utf-8
Packing_Unpacking_total.zip,Packing_Unpacking_total/Packing_Unpacking_v6/transcript,483,d66c43411bb3da1b4beee456ad7204950eca88dedca4ec0fd19a67784b0a9c64,,,excluded: generated build/simulator/IDE artifact or historical output,
Packing_Unpacking_total.zip,Packing_Unpacking_total/Packing_Unpacking_v6/Unpacking.v,3291,5c115b83b01421f8f30db9be9ce5ceec6a579fe1be61be52f9bc07a951c5ec20,archive/packing/Packing_Unpacking_v6/Unpacking.v,80328d9dd779553ad0c16b2e4dc0f348311ff717974df11511d6d456607e9f79,retained; UTF-8/LF normalization only,utf-8
Packing_Unpacking_total.zip,Packing_Unpacking_total/Packing_Unpacking_v6/vsim.wlf,57344,7663063d251235c05e8c33ebd2f84aff2b1bdf4815841ec9f35588e4f4d98995,,,excluded: generated build/simulator/IDE artifact or historical output,
Packing_Unpacking_total.zip,Packing_Unpacking_total/Packing_Unpacking_v6/work/_info,2621,effaf4c39afcc74093e94f934197db341cee63ac7bb93b8f1c0fb35d845231bb,,,excluded: generated build/simulator/IDE artifact or historical output,
Packing_Unpacking_total.zip,Packing_Unpacking_total/Packing_Unpacking_v6/work/_lib.qdb,49152,e43ef809e5fd34c622c718201b17be5fbf929eaa9961b4add850046ba7c850ad,,,excluded: generated build/simulator/IDE artifact or historical output,
Packing_Unpacking_total.zip,Packing_Unpacking_total/Packing_Unpacking_v6/work/_lib1_1.qdb,32768,26a95407f3ab82a667f84a413331650e5a37b47358b75d11666656074c13ffd0,,,excluded: generated build/simulator/IDE artifact or historical output,
Packing_Unpacking_total.zip,Packing_Unpacking_total/Packing_Unpacking_v6/work/_lib1_1.qpg,90112,9b598ac19437e46d9e7b8b363ede61ada632be32aa1b31bdd7d49ccc52de6c01,,,excluded: generated build/simulator/IDE artifact or historical output,
Packing_Unpacking_total.zip,Packing_Unpacking_total/Packing_Unpacking_v6/work/_lib1_1.qtl,76973,099f5841c006aef5256a146385d87a5664f5e24170cc577692b596f206fb21f9,,,excluded: generated build/simulator/IDE artifact or historical output,
Packing_Unpacking_total.zip,Packing_Unpacking_total/Packing_Unpacking_v6/work/_vmake,29,d287f8a335408d3f94fea840ad628f2cbed3775952c49131049ef8f60fd337c9,,,excluded: generated build/simulator/IDE artifact or historical output,
Packing_Unpacking_total.zip,Packing_Unpacking_total/Packing_Unpacking_v7/packing.v,1871,b821031710afd20d0292f5c2327654adf58d8a4a1ac7b4b8c4b855f999a1da80,archive/packing/Packing_Unpacking_v7/packing.v,d0fc52d8b8a18806c8738877c383da08e10c02425701b6269ef55449dc475707,retained; UTF-8/LF normalization only,utf-8
Packing_Unpacking_total.zip,Packing_Unpacking_total/Packing_Unpacking_v7/Packing_Unpacking_v7.cr.mti,1585,c4c876be549b4300716ea19dc1c99acba5ea17b5e690d29a3b16ebf9589ce2fd,,,excluded: generated build/simulator/IDE artifact or historical output,
Packing_Unpacking_total.zip,Packing_Unpacking_total/Packing_Unpacking_v7/Packing_Unpacking_v7.mpf,20268,843c9eeff95954d963c5fead025201c1b4251897ea53ff94187e9edef0a105ae,,,excluded: historical IDE project metadata; setup facts documented separately,
Packing_Unpacking_total.zip,Packing_Unpacking_total/Packing_Unpacking_v7/packing_unpakcing.v,1020,6ab188fb81758cd805706409bb908ab025e4f507691d4729520ebd1bd7a522a4,archive/packing/Packing_Unpacking_v7/packing_unpakcing.v,6ab188fb81758cd805706409bb908ab025e4f507691d4729520ebd1bd7a522a4,retained; UTF-8/LF normalization only,utf-8
Packing_Unpacking_total.zip,Packing_Unpacking_total/Packing_Unpacking_v7/spsram512x16.v,260,50399dcd63ad51d5d3eeddf4586e7ed5cefc64a7c767ad6e758d2c846777d598,archive/packing/Packing_Unpacking_v7/spsram512x16.v,50399dcd63ad51d5d3eeddf4586e7ed5cefc64a7c767ad6e758d2c846777d598,retained; UTF-8/LF normalization only,utf-8
Packing_Unpacking_total.zip,Packing_Unpacking_total/Packing_Unpacking_v7/tb_top.v,5466,2ff298c43c197d5d2cd40a4e08da0c0b25f05c22895a23febbf47536e8eb07d0,archive/packing/Packing_Unpacking_v7/tb_top.v,ec3215cd7b1614f6784e77901e4d8c1d1b215bf1298b9bac89bda9f7bf3455e9,retained; UTF-8/LF normalization only,utf-8
Packing_Unpacking_total.zip,Packing_Unpacking_total/Packing_Unpacking_v7/transcript,318,26c00bc958492afb42a98eae8e47c6697b261a7f3d9ab9c58a8db66336e93060,,,excluded: generated build/simulator/IDE artifact or historical output,
Packing_Unpacking_total.zip,Packing_Unpacking_total/Packing_Unpacking_v7/Unpacking.v,3555,185f24992c3564861ddb5e28b00d5ab4a32cba88c3487d19ab03190c0349cd97,archive/packing/Packing_Unpacking_v7/Unpacking.v,34a9ec362952201aed3241aea19fa90e336ad03589540b05fba2e3eef28a7d51,retained; UTF-8/LF normalization only,utf-8
Packing_Unpacking_total.zip,Packing_Unpacking_total/Packing_Unpacking_v7/vsim.wlf,57344,58ac4e01dbf4b58a27151aec7ddd2dfe45d264c429c1ecea8e6e404e75db797c,,,excluded: generated build/simulator/IDE artifact or historical output,
Packing_Unpacking_total.zip,Packing_Unpacking_total/Packing_Unpacking_v7/work/_info,2618,2be74d52b9b2000ebf9cbe79d97c08d649ade5cd234cd785cc06d76c25484bee,,,excluded: generated build/simulator/IDE artifact or historical output,
Packing_Unpacking_total.zip,Packing_Unpacking_total/Packing_Unpacking_v7/work/_lib.qdb,49152,4d5af43b517d93549d364b4d7b0e1a66a8165ce7692d8b8242b065bac4d93af7,,,excluded: generated build/simulator/IDE artifact or historical output,
Packing_Unpacking_total.zip,Packing_Unpacking_total/Packing_Unpacking_v7/work/_lib1_0.qdb,32768,939dbe3bd2dec50d093bfdc10f82b239a111ef81cdc53d14620d8e7ae6cbd779,,,excluded: generated build/simulator/IDE artifact or historical output,
Packing_Unpacking_total.zip,Packing_Unpacking_total/Packing_Unpacking_v7/work/_lib1_0.qpg,114688,2d61794f16fac2a8efe44a8398b6da740548be133f665a331c8fdde62f59ee36,,,excluded: generated build/simulator/IDE artifact or historical output,
Packing_Unpacking_total.zip,Packing_Unpacking_total/Packing_Unpacking_v7/work/_lib1_0.qtl,139003,fd716025a01c4ec076023f59cdebe7fed88020fbe4c21e02a8f5ec83b8edb4ca,,,excluded: generated build/simulator/IDE artifact or historical output,
Packing_Unpacking_total.zip,Packing_Unpacking_total/Packing_Unpacking_v7/work/_vmake,29,d287f8a335408d3f94fea840ad628f2cbed3775952c49131049ef8f60fd337c9,,,excluded: generated build/simulator/IDE artifact or historical output,
Packing_Unpacking_total.zip,Packing_Unpacking_total/Packing_Unpacking_v7_1/packing.v,1454,126c9e8cb731b3c2e509adb412bbdd4f8061dcaa71dfd68e5328b1befba4f3f9,archive/packing/Packing_Unpacking_v7_1/packing.v,e03dce5462d1b48931762370acd2013a4495baf43f749f7ca9a4bb53f5049e07,retained; UTF-8/LF normalization only,utf-8
Packing_Unpacking_total.zip,Packing_Unpacking_total/Packing_Unpacking_v7_1/Packing_Unpacking_v7_1.cr.mti,1845,860fe9534d715f3436118ea5ea81582dfbbd1718b57a07745ce97d5b45453ba8,,,excluded: generated build/simulator/IDE artifact or historical output,
Packing_Unpacking_total.zip,Packing_Unpacking_total/Packing_Unpacking_v7_1/Packing_Unpacking_v7_1.mpf,20398,ec165fff86e123fc5745075f16611b5350793bec3487ae2df29e7919a6c09a27,,,excluded: historical IDE project metadata; setup facts documented separately,
Packing_Unpacking_total.zip,Packing_Unpacking_total/Packing_Unpacking_v7_1/packing_unpakcing.v,1020,6ab188fb81758cd805706409bb908ab025e4f507691d4729520ebd1bd7a522a4,archive/packing/Packing_Unpacking_v7_1/packing_unpakcing.v,6ab188fb81758cd805706409bb908ab025e4f507691d4729520ebd1bd7a522a4,retained; UTF-8/LF normalization only,utf-8
Packing_Unpacking_total.zip,Packing_Unpacking_total/Packing_Unpacking_v7_1/spsram512x16.v,260,50399dcd63ad51d5d3eeddf4586e7ed5cefc64a7c767ad6e758d2c846777d598,archive/packing/Packing_Unpacking_v7_1/spsram512x16.v,50399dcd63ad51d5d3eeddf4586e7ed5cefc64a7c767ad6e758d2c846777d598,retained; UTF-8/LF normalization only,utf-8
Packing_Unpacking_total.zip,Packing_Unpacking_total/Packing_Unpacking_v7_1/tb_top.v,4019,318a3c497077e8a148689c1b5c81753584998e5ad0a04b0e906cadb0b900e93d,archive/packing/Packing_Unpacking_v7_1/tb_top.v,368e2e30f83d6eb3f26d322a76b3a468259d6e4597f1928a69752340e2f10af3,retained; UTF-8/LF normalization only,utf-8
Packing_Unpacking_total.zip,Packing_Unpacking_total/Packing_Unpacking_v7_1/transcript,28070,9b20120b061fa8ad91b6b0ca6806faa1074d57b7c57062058e2ac89b469cd7a9,,,excluded: generated build/simulator/IDE artifact or historical output,
Packing_Unpacking_total.zip,Packing_Unpacking_total/Packing_Unpacking_v7_1/Unpacking.v,2343,1fe6c8b6dc6460e278fc0278f79cfe5fc21732a07c799579926ddbb0603b3929,archive/packing/Packing_Unpacking_v7_1/Unpacking.v,cf2909bbce188106e61deb04854cf7a2b7d34fb22c1ba3f949fbc0e44186c035,retained; UTF-8/LF normalization only,utf-8
Packing_Unpacking_total.zip,Packing_Unpacking_total/Packing_Unpacking_v7_1/vsim.wlf,73728,10bea2ce9949d8db5be42c78b71955e915c03652b21f0e5334107a14e13a4723,,,excluded: generated build/simulator/IDE artifact or historical output,
Packing_Unpacking_total.zip,Packing_Unpacking_total/Packing_Unpacking_v7_1/work/_info,3195,cba187d2812a661d71813b18f23abe65589cc058cc2f13831fa570d68425af0f,,,excluded: generated build/simulator/IDE artifact or historical output,
Packing_Unpacking_total.zip,Packing_Unpacking_total/Packing_Unpacking_v7_1/work/_lib.qdb,49152,bdb0580aa6e108d6aea73bdcd7fe13b304790797d4a9d44b9ee2fab82dbc12af,,,excluded: generated build/simulator/IDE artifact or historical output,
Packing_Unpacking_total.zip,Packing_Unpacking_total/Packing_Unpacking_v7_1/work/_lib1_5.qdb,32768,ff85eaab5ebd71f4c742c698c02963e111c9544d8145e3a6a7ec36ddcd8cea69,,,excluded: generated build/simulator/IDE artifact or historical output,
Packing_Unpacking_total.zip,Packing_Unpacking_total/Packing_Unpacking_v7_1/work/_lib1_5.qpg,90112,2145d229aedad61400e7bdf8f0719a0a518cc04e71d71484cd4c8420dce552b1,,,excluded: generated build/simulator/IDE artifact or historical output,
Packing_Unpacking_total.zip,Packing_Unpacking_total/Packing_Unpacking_v7_1/work/_lib1_5.qtl,202720,9596d6702cd325848319323edecc4f265d83326d068838b9a9d2a68a9dd40dc3,,,excluded: generated build/simulator/IDE artifact or historical output,
Packing_Unpacking_total.zip,Packing_Unpacking_total/Packing_Unpacking_v7_1/work/_vmake,29,d287f8a335408d3f94fea840ad628f2cbed3775952c49131049ef8f60fd337c9,,,excluded: generated build/simulator/IDE artifact or historical output,
Packing_Unpacking_total.zip,Packing_Unpacking_total/Packing_Unpacking_v7_end/packing.v,1871,b821031710afd20d0292f5c2327654adf58d8a4a1ac7b4b8c4b855f999a1da80,archive/packing/Packing_Unpacking_v7_end/packing.v,d0fc52d8b8a18806c8738877c383da08e10c02425701b6269ef55449dc475707,retained; UTF-8/LF normalization only,utf-8
Packing_Unpacking_total.zip,Packing_Unpacking_total/Packing_Unpacking_v7_end/Packing_Unpacking_v7.cr.mti,1585,c4c876be549b4300716ea19dc1c99acba5ea17b5e690d29a3b16ebf9589ce2fd,,,excluded: generated build/simulator/IDE artifact or historical output,
Packing_Unpacking_total.zip,Packing_Unpacking_total/Packing_Unpacking_v7_end/Packing_Unpacking_v7.mpf,20268,b56f59e3e955f3937edfe45dbb7b0f6e9c6b62a7cc423760d5b73e88613b5492,,,excluded: historical IDE project metadata; setup facts documented separately,
Packing_Unpacking_total.zip,Packing_Unpacking_total/Packing_Unpacking_v7_end/packing_unpakcing.v,1020,6ab188fb81758cd805706409bb908ab025e4f507691d4729520ebd1bd7a522a4,archive/packing/Packing_Unpacking_v7_end/packing_unpakcing.v,6ab188fb81758cd805706409bb908ab025e4f507691d4729520ebd1bd7a522a4,retained; UTF-8/LF normalization only,utf-8
Packing_Unpacking_total.zip,Packing_Unpacking_total/Packing_Unpacking_v7_end/spsram512x16.v,260,50399dcd63ad51d5d3eeddf4586e7ed5cefc64a7c767ad6e758d2c846777d598,archive/packing/Packing_Unpacking_v7_end/spsram512x16.v,50399dcd63ad51d5d3eeddf4586e7ed5cefc64a7c767ad6e758d2c846777d598,retained; UTF-8/LF normalization only,utf-8
Packing_Unpacking_total.zip,Packing_Unpacking_total/Packing_Unpacking_v7_end/tb_top.v,5466,2ff298c43c197d5d2cd40a4e08da0c0b25f05c22895a23febbf47536e8eb07d0,archive/packing/Packing_Unpacking_v7_end/tb_top.v,ec3215cd7b1614f6784e77901e4d8c1d1b215bf1298b9bac89bda9f7bf3455e9,retained; UTF-8/LF normalization only,utf-8
Packing_Unpacking_total.zip,Packing_Unpacking_total/Packing_Unpacking_v7_end/transcript,497,62ba7dea04b20932c06c89849b4cf7479eb884c4ca234759b531a72192499023,,,excluded: generated build/simulator/IDE artifact or historical output,
Packing_Unpacking_total.zip,Packing_Unpacking_total/Packing_Unpacking_v7_end/Unpacking.v,3555,185f24992c3564861ddb5e28b00d5ab4a32cba88c3487d19ab03190c0349cd97,archive/packing/Packing_Unpacking_v7_end/Unpacking.v,34a9ec362952201aed3241aea19fa90e336ad03589540b05fba2e3eef28a7d51,retained; UTF-8/LF normalization only,utf-8
Packing_Unpacking_total.zip,Packing_Unpacking_total/Packing_Unpacking_v7_end/vsim.wlf,57344,d278a8a356ad1a7e1313c1c093b540719cb5098cc8c737a26f2c1556f38f7ce5,,,excluded: generated build/simulator/IDE artifact or historical output,
Packing_Unpacking_total.zip,Packing_Unpacking_total/Packing_Unpacking_v7_end/work/_info,2618,2be74d52b9b2000ebf9cbe79d97c08d649ade5cd234cd785cc06d76c25484bee,,,excluded: generated build/simulator/IDE artifact or historical output,
Packing_Unpacking_total.zip,Packing_Unpacking_total/Packing_Unpacking_v7_end/work/_lib.qdb,49152,4d5af43b517d93549d364b4d7b0e1a66a8165ce7692d8b8242b065bac4d93af7,,,excluded: generated build/simulator/IDE artifact or historical output,
Packing_Unpacking_total.zip,Packing_Unpacking_total/Packing_Unpacking_v7_end/work/_lib1_0.qdb,32768,939dbe3bd2dec50d093bfdc10f82b239a111ef81cdc53d14620d8e7ae6cbd779,,,excluded: generated build/simulator/IDE artifact or historical output,
Packing_Unpacking_total.zip,Packing_Unpacking_total/Packing_Unpacking_v7_end/work/_lib1_0.qpg,114688,2d61794f16fac2a8efe44a8398b6da740548be133f665a331c8fdde62f59ee36,,,excluded: generated build/simulator/IDE artifact or historical output,
Packing_Unpacking_total.zip,Packing_Unpacking_total/Packing_Unpacking_v7_end/work/_lib1_0.qtl,139003,fd716025a01c4ec076023f59cdebe7fed88020fbe4c21e02a8f5ec83b8edb4ca,,,excluded: generated build/simulator/IDE artifact or historical output,
Packing_Unpacking_total.zip,Packing_Unpacking_total/Packing_Unpacking_v7_end/work/_vmake,29,d287f8a335408d3f94fea840ad628f2cbed3775952c49131049ef8f60fd337c9,,,excluded: generated build/simulator/IDE artifact or historical output,
Packing_Unpacking_total.zip,Packing_Unpacking_total/Packing_Unpacking_v7_end/파일 경로 바껴서 안됨.txt,91,df8584607177d14773efca23db413e995ee8349f4e402ed41763c51e18e100c7,,,excluded: generated build/simulator/IDE artifact or historical output,
Packing_Unpacking_total.zip,Packing_Unpacking_total/Packing_Unpacking_v9/packing.v,1671,22665eb6264dc38d76cdc74b4d37b15d71be30ee4c8a25fb42d42e73bb03072a,archive/packing/Packing_Unpacking_v9/packing.v,0f6a6b356682774a3178557a4ccb9b7f12dc031f5d8455c543f431378c4df754,retained; UTF-8/LF normalization only,utf-8
Packing_Unpacking_total.zip,Packing_Unpacking_total/Packing_Unpacking_v9/Packing_Unpacking.cr.mti,1825,cbb85c0495d1df2184060064e0a97f6df75b4a1f4ca454499c024b64fb0ea648,,,excluded: generated build/simulator/IDE artifact or historical output,
Packing_Unpacking_total.zip,Packing_Unpacking_total/Packing_Unpacking_v9/Packing_Unpacking.mpf,20388,72f6a065a206d16ffc95745c439eb787c11373b7b4c028c644f1a802a740faf0,,,excluded: historical IDE project metadata; setup facts documented separately,
Packing_Unpacking_total.zip,Packing_Unpacking_total/Packing_Unpacking_v9/packing_unpakcing.v,1020,6ab188fb81758cd805706409bb908ab025e4f507691d4729520ebd1bd7a522a4,archive/packing/Packing_Unpacking_v9/packing_unpakcing.v,6ab188fb81758cd805706409bb908ab025e4f507691d4729520ebd1bd7a522a4,retained; UTF-8/LF normalization only,utf-8
Packing_Unpacking_total.zip,Packing_Unpacking_total/Packing_Unpacking_v9/spsram512x16.v,260,50399dcd63ad51d5d3eeddf4586e7ed5cefc64a7c767ad6e758d2c846777d598,archive/packing/Packing_Unpacking_v9/spsram512x16.v,50399dcd63ad51d5d3eeddf4586e7ed5cefc64a7c767ad6e758d2c846777d598,retained; UTF-8/LF normalization only,utf-8
Packing_Unpacking_total.zip,Packing_Unpacking_total/Packing_Unpacking_v9/tb_top.v,2799,b807edabca138debd14072358dbdc0cd63e3e226e32d52b2992bc02b529b9eae,archive/packing/Packing_Unpacking_v9/tb_top.v,d6ee9e82ee066f895f33dbd4d0043f4a3734b4958c063e3cc26e99b6f3e2fd44,retained; UTF-8/LF normalization only,utf-8
Packing_Unpacking_total.zip,Packing_Unpacking_total/Packing_Unpacking_v9/transcript,0,e3b0c44298fc1c149afbf4c8996fb92427ae41e4649b934ca495991b7852b855,,,excluded: generated build/simulator/IDE artifact or historical output,
Packing_Unpacking_total.zip,Packing_Unpacking_total/Packing_Unpacking_v9/Unpacking.v,3223,c756cf5cdcf1d3feb2476d6910965ef775dbc0bd0cf0fd4047044ec3c5b2c939,archive/packing/Packing_Unpacking_v9/Unpacking.v,935c2c7159a9e0777fbbed496d54527994cb811cd27759d8986164709376781c,retained; UTF-8/LF normalization only,utf-8
Packing_Unpacking_total.zip,Packing_Unpacking_total/Packing_Unpacking_v9/vsim.wlf,65536,6909f7dd9bb731b43efa1e644c92b4f58741c4c2fe56a9636e355f90e75dd5c0,,,excluded: generated build/simulator/IDE artifact or historical output,
Packing_Unpacking_total.zip,Packing_Unpacking_total/Packing_Unpacking_v9/work/_info,3144,42169fb909da547e65342c40dd0d09dbe4541985ea98d725727eb3a794a37ab0,,,excluded: generated build/simulator/IDE artifact or historical output,
Packing_Unpacking_total.zip,Packing_Unpacking_total/Packing_Unpacking_v9/work/_lib.qdb,49152,008a7bec8dde249581a9d57a6783daee81a6b1953c4876765968ca69d42deda7,,,excluded: generated build/simulator/IDE artifact or historical output,
Packing_Unpacking_total.zip,Packing_Unpacking_total/Packing_Unpacking_v9/work/_lib1_1.qdb,32768,185a291c7512bc4474b05ff8d6d0d6d3e12baab44704c3296160dd1b1bb06f76,,,excluded: generated build/simulator/IDE artifact or historical output,
Packing_Unpacking_total.zip,Packing_Unpacking_total/Packing_Unpacking_v9/work/_lib1_1.qpg,147456,076aa7b10d333eba3a31485232713a9f8f0ca00780aeb972ef8e312583937725,,,excluded: generated build/simulator/IDE artifact or historical output,
Packing_Unpacking_total.zip,Packing_Unpacking_total/Packing_Unpacking_v9/work/_lib1_1.qtl,215575,d427429ceb70f43c22c48af992f90de6bafa517b7eae1e0f48c14323fc0c303a,,,excluded: generated build/simulator/IDE artifact or historical output,
Packing_Unpacking_total.zip,Packing_Unpacking_total/Packing_Unpacking_v9/work/_vmake,29,d287f8a335408d3f94fea840ad628f2cbed3775952c49131049ef8f60fd337c9,,,excluded: generated build/simulator/IDE artifact or historical output,
Packing_Unpacking_total.zip,Packing_Unpacking_total/Packing_Unpacking_YCbCr_v8/packing.v,1871,c1ac0757a9115dcf4c408ef2ea01600eb91d23af7966d5ad28086221fdd15fb5,archive/packing/Packing_Unpacking_YCbCr_v8/packing.v,419c2fe2b6e83ab8bb10b119aea60836fad2b992a05653eed77da3c0b48717af,retained; UTF-8/LF normalization only,utf-8
Packing_Unpacking_total.zip,Packing_Unpacking_total/Packing_Unpacking_YCbCr_v8/Packing_Unpacking_v8.cr.mti,1073,7f2ea02c14ccff7c945afec7741629d75d72f098b77d426be961bf047f9f37ec,,,excluded: generated build/simulator/IDE artifact or historical output,
Packing_Unpacking_total.zip,Packing_Unpacking_total/Packing_Unpacking_YCbCr_v8/Packing_Unpacking_v8.mpf,21000,aed89fa3781f5be0dacab50fc944195d9ace776a03c16ef187c60b3fa02a8d22,,,excluded: historical IDE project metadata; setup facts documented separately,
Packing_Unpacking_total.zip,Packing_Unpacking_total/Packing_Unpacking_YCbCr_v8/packing_unpakcing.v,1263,a905869eca8039bbfaaa3371d5f00e181853537e3b4c95e0b11d081e060e1c3b,archive/packing/Packing_Unpacking_YCbCr_v8/packing_unpakcing.v,a905869eca8039bbfaaa3371d5f00e181853537e3b4c95e0b11d081e060e1c3b,retained; UTF-8/LF normalization only,utf-8
Packing_Unpacking_total.zip,Packing_Unpacking_total/Packing_Unpacking_YCbCr_v8/R_to_Y.v,2330,f019bd57f6a290db3901ee643b127c2bd8524dd5b8a446671017970aeedd7d60,archive/packing/Packing_Unpacking_YCbCr_v8/R_to_Y.v,0d55e5edcec6d2647b7ed6c7c79c80a18c3f98145e17ddb9e09590e5ee280753,retained; UTF-8/LF normalization only,utf-8
Packing_Unpacking_total.zip,Packing_Unpacking_total/Packing_Unpacking_YCbCr_v8/spsram512x16.v,260,5fa6032d185f23a0c9d3dc77b8e1c4689b43cd7ce69a418630224c62d987fba8,archive/packing/Packing_Unpacking_YCbCr_v8/spsram512x16.v,5fa6032d185f23a0c9d3dc77b8e1c4689b43cd7ce69a418630224c62d987fba8,retained; UTF-8/LF normalization only,utf-8
Packing_Unpacking_total.zip,Packing_Unpacking_total/Packing_Unpacking_YCbCr_v8/tb_top.v,5519,80dd2e5300c43516d019bc12d5adf879c500df2e56c09aa55225d16f4e4f778c,archive/packing/Packing_Unpacking_YCbCr_v8/tb_top.v,6e59e3c26f67978796be32f5c3b3a59817bfbc164906e52f3bb1705d565dbb4f,retained; UTF-8/LF normalization only,utf-8
Packing_Unpacking_total.zip,Packing_Unpacking_total/Packing_Unpacking_YCbCr_v8/transcript,171,b89e796af00fc822a40efd93c8f0b21a01f56b4f6d4bc6679f9d458dac0e39d4,,,excluded: generated build/simulator/IDE artifact or historical output,
Packing_Unpacking_total.zip,Packing_Unpacking_total/Packing_Unpacking_YCbCr_v8/Unpacking.v,3574,dbae5eaf6c793b3b04af2092bca951498d8ffce57401c008e75050d02d3e3964,archive/packing/Packing_Unpacking_YCbCr_v8/Unpacking.v,10f129f1e11e41468a29ac5bb295e84b8315e672d4308b7396e838ff9448cc8e,retained; UTF-8/LF normalization only,utf-8
Packing_Unpacking_total.zip,Packing_Unpacking_total/Packing_Unpacking_YCbCr_v8/vsim.wlf,57344,d3c88f08ef2d0a8370e57b7737b00c3a44a25b0477fd38c2c031b518b113b213,,,excluded: generated build/simulator/IDE artifact or historical output,
Packing_Unpacking_total.zip,Packing_Unpacking_total/Packing_Unpacking_YCbCr_v8/wlft8ht3y4,49152,71b7f1ecfb80e920a84485efe2f6623f47bb1af5d50461e04715919f56f33192,,,excluded: generated build/simulator/IDE artifact or historical output,
Packing_Unpacking_total.zip,Packing_Unpacking_total/Packing_Unpacking_YCbCr_v8/work/_info,3636,275a4b345bd9aa13756fe823323a488b3fbacd305f3dcdd0ad826fa1b395ccdb,,,excluded: generated build/simulator/IDE artifact or historical output,
Packing_Unpacking_total.zip,Packing_Unpacking_total/Packing_Unpacking_YCbCr_v8/work/_lib.qdb,49152,70ff23b4268cc8138c94f483803601188224e299faa01f57c92b3a0d0d1874ca,,,excluded: generated build/simulator/IDE artifact or historical output,
Packing_Unpacking_total.zip,Packing_Unpacking_total/Packing_Unpacking_YCbCr_v8/work/_lib1_2.qdb,32768,dad5d9a28e8bf8673db6efef0bfa06a85ac4d8ae4f826835e1e94ea5d9df2a8a,,,excluded: generated build/simulator/IDE artifact or historical output,
Packing_Unpacking_total.zip,Packing_Unpacking_total/Packing_Unpacking_YCbCr_v8/work/_lib1_2.qpg,180224,12046c158d5232e3ae4cd166ec741f1fdfb4f59ca83f7d4f822711d80a9ce5f3,,,excluded: generated build/simulator/IDE artifact or historical output,
Packing_Unpacking_total.zip,Packing_Unpacking_total/Packing_Unpacking_YCbCr_v8/work/_lib1_2.qtl,72723,37f70edae4fd89ed5dafa34d44dd0799c17aab5f82f810880e100f47ae26788f,,,excluded: generated build/simulator/IDE artifact or historical output,
Packing_Unpacking_total.zip,Packing_Unpacking_total/Packing_Unpacking_YCbCr_v8/work/_vmake,29,d287f8a335408d3f94fea840ad628f2cbed3775952c49131049ef8f60fd337c9,,,excluded: generated build/simulator/IDE artifact or historical output,
BMP2COE converter.zip,.vs/coe_converter/v16/.suo,22528,cfbc7781660b3d0f154181222c837695e5e217934000db37f8354e71c0163235,,,excluded: generated build/simulator/IDE artifact or historical output,
BMP2COE converter.zip,.vs/coe_converter/v16/Browse.VC.db,34144256,4d049302e5c71461f25edb5da47c23127845040a796e32ebf28f85606c2a4021,,,excluded: generated build/simulator/IDE artifact or historical output,
BMP2COE converter.zip,.vs/coe_converter/v16/ipch/AutoPCH/3e58cecccf164424/MAIN.ipch,46202880,accf642738bea69902d93a837dfd83ff38b4a691e346a656a9651af6d5f4dc13,,,excluded: generated build/simulator/IDE artifact or historical output,
BMP2COE converter.zip,.vs/coe_converter/v16/ipch/AutoPCH/b1492b9a94d7d4da/MAIN.ipch,46202880,7b3f38a064feb935e797f4ecec0522fc91b0335950a8da5c901ee12d8f463c7d,,,excluded: generated build/simulator/IDE artifact or historical output,
BMP2COE converter.zip,coe_converter.sln,1446,c7d2bde873d7922d65a8a68b27dbfad01829145ec04734767047d77ce422db35,,,excluded: historical IDE project metadata; setup facts documented separately,
BMP2COE converter.zip,coe_converter.vcxproj,7195,f233296d2822f7d7b9938d9f058f97c2d2dddd42fed3cd5e0ff32d940a6b897a,,,excluded: historical IDE project metadata; setup facts documented separately,
BMP2COE converter.zip,coe_converter.vcxproj.filters,982,61a84c244b14d1124e5d16abaf96e4a39020656981d06f5f3418a8ad6dce34c0,,,excluded: historical IDE project metadata; setup facts documented separately,
BMP2COE converter.zip,coe_converter.vcxproj.user,168,c06a75b13f855a94d46616796e024c52b499f8f92cf00ccb571ddbc6ff574676,,,excluded: historical IDE project metadata; setup facts documented separately,
BMP2COE converter.zip,Debug/coe_converter.exe,41984,cf64acbe96b0bde2d217bf53173a7777ac99c35d34431dac763457407ed16cd3,,,excluded: generated build/simulator/IDE artifact or historical output,
BMP2COE converter.zip,Debug/coe_converter.exe.recipe,308,0d648c7d6b0a5e69a6b769728f29a4b67f188a54b62716cfd90876e1cfa94292,,,excluded: generated build/simulator/IDE artifact or historical output,
BMP2COE converter.zip,Debug/coe_converter.ilk,546600,f81f5baa6153a032c77ea37c0213f01dc1c84cfee4171bd883d17385c6304db6,,,excluded: generated build/simulator/IDE artifact or historical output,
BMP2COE converter.zip,Debug/coe_converter.log,109,19a6bc443dad22f5205ac1da247d3692fb4b3ff25aa21cddf2cc5b829ab13bab,,,excluded: generated build/simulator/IDE artifact or historical output,
BMP2COE converter.zip,Debug/coe_converter.pdb,1282048,faa9cc429a4ebf31945f6e46fa117a2b09fb3d8022f8cfb716eeb0d4337b85f8,,,excluded: generated build/simulator/IDE artifact or historical output,
BMP2COE converter.zip,Debug/coe_converter.tlog/CL.command.1.tlog,758,3373ab852be97d806ceacc64f7b3144a1d672d19aec898b56ba78441ae574cf8,,,excluded: generated build/simulator/IDE artifact or historical output,
BMP2COE converter.zip,Debug/coe_converter.tlog/CL.read.1.tlog,25974,bdeccc5854491b5e6d247e063101de457caab18516d5176f8967a77ae848263c,,,excluded: generated build/simulator/IDE artifact or historical output,
BMP2COE converter.zip,Debug/coe_converter.tlog/CL.write.1.tlog,460,e446844d83be931a8bbc95cda25e08e1fddc3b6ecd53360358e319440a081422,,,excluded: generated build/simulator/IDE artifact or historical output,
BMP2COE converter.zip,Debug/coe_converter.tlog/coe_converter.lastbuildstate,173,40596125c81846308b34680e04bba4633ca81a822575802e768be1b11d4411a9,,,excluded: generated build/simulator/IDE artifact or historical output,
BMP2COE converter.zip,Debug/coe_converter.tlog/link.command.1.tlog,1276,b3158a8e69df988fd02a989611702ae87685f436f7eb4f2ce3a403340f9a336e,,,excluded: generated build/simulator/IDE artifact or historical output,
BMP2COE converter.zip,Debug/coe_converter.tlog/link.read.1.tlog,3030,fd9f735643be42a09cd1f92d5924de55446285887327e82a483cfe3ddb01f36c,,,excluded: generated build/simulator/IDE artifact or historical output,
BMP2COE converter.zip,Debug/coe_converter.tlog/link.write.1.tlog,522,283d5a6cb8e86991008bce07f6a834f901c17dedcdcfe0000810a9b4b43e12f4,,,excluded: generated build/simulator/IDE artifact or historical output,
BMP2COE converter.zip,Debug/coe_converter.vcxproj.FileListAbsolute.txt,67,c3849d1b69a729b87869e422663890cb72d733a141915bcc0b50bd6edd345de1,,,excluded: generated build/simulator/IDE artifact or historical output,
BMP2COE converter.zip,Debug/main.obj,29117,5b44eb9f2ad0ddedc8fcd4559efa87de64d0d0350ed662c9f80ad13fc41b4c81,,,excluded: generated build/simulator/IDE artifact or historical output,
BMP2COE converter.zip,Debug/vc142.idb,248832,4163d723bfc0d1434a1e1e9fc5d02cb48822e2c0306dcb94e477d07d385e0363,,,excluded: generated build/simulator/IDE artifact or historical output,
BMP2COE converter.zip,Debug/vc142.pdb,151552,24581bf2f558dd5216c75983816a57cfa417928790134fd9f38d9e0ccc439eb9,,,excluded: generated build/simulator/IDE artifact or historical output,
BMP2COE converter.zip,lena512_480_24bit.RAW,391680,b57e8d20b8692a69fc8309eb653887e1c1835e4ffd3f6a8b7a6ea420ab22b2d7,,,excluded: original sample media or derived image data; retained in input ZIP,
BMP2COE converter.zip,lena_480x272.bmp,391734,78a2603c3860364dbc4f81c3e32bc11d073cc1a62a542ae7d3742b82712c51d8,,,excluded: original sample media or derived image data; retained in input ZIP,
BMP2COE converter.zip,lena_480x272.coe,1044543,a556edb08769152cd1a9878304692e10fa32924a5d215d027f253c65e90b3632,,,excluded: original sample media or derived image data; retained in input ZIP,
BMP2COE converter.zip,main.cpp,2624,532cd8e7251043316ccd32552ffed1f81662b88e9916a62ed86a02576388623c,tools/bmp2coe_legacy/main.cpp,0a5e55d038964487de742c0d7c3857f195fa24571d4433d6eecdadaf1c63c65c,retained; UTF-8/LF normalization only,cp949
BMP2COE converter.zip,output.bmp,391734,78a2603c3860364dbc4f81c3e32bc11d073cc1a62a542ae7d3742b82712c51d8,,,excluded: original sample media or derived image data; retained in input ZIP,
BMP2COE converter.zip,output2.coe,1044543,a556edb08769152cd1a9878304692e10fa32924a5d215d027f253c65e90b3632,,,excluded: original sample media or derived image data; retained in input ZIP,
BMP2COE converter.zip,x64/Debug/coe_converter.exe,64000,09027e1390cc28981bca73a29a81fdec9706196c128d58eaa9227602dcef144e,,,excluded: generated build/simulator/IDE artifact or historical output,
BMP2COE converter.zip,x64/Debug/coe_converter.exe.recipe,373,db4435ad56e274a2703959287b8853972016c31d0261f3bb428bf7c10da65168,,,excluded: generated build/simulator/IDE artifact or historical output,
BMP2COE converter.zip,x64/Debug/coe_converter.ilk,466324,61ac9b42cee1e76280cddf1a4eba4f654b71824ad066111063db1968335d7517,,,excluded: generated build/simulator/IDE artifact or historical output,
BMP2COE converter.zip,x64/Debug/coe_converter.log,360,a3193ba40161fe20e09433984ac6e4e728f68df5e7f99db1c2f2684e793a654d,,,excluded: generated build/simulator/IDE artifact or historical output,
BMP2COE converter.zip,x64/Debug/coe_converter.pdb,962560,96f1311366db8abc171aef6fad8de4f3511ee4c831ba5b29737e10dcf069ea42,,,excluded: generated build/simulator/IDE artifact or historical output,
BMP2COE converter.zip,x64/Debug/coe_converter.tlog/CL.command.1.tlog,1710,67cf8fb86a5eb3a3a749db7dd856501cc1fd89641a33099e2fcd216313be7ba3,,,excluded: generated build/simulator/IDE artifact or historical output,
BMP2COE converter.zip,x64/Debug/coe_converter.tlog/CL.read.1.tlog,52076,43a0ae7e67d924c552e4ad09559f8dad09f572e7edfc7e735e9b28d93cad6f06,,,excluded: generated build/simulator/IDE artifact or historical output,
BMP2COE converter.zip,x64/Debug/coe_converter.tlog/CL.write.1.tlog,1486,ec7df1d212d0bd95c60aeb42a55fe60dd565b1ab0b8573980ca1e110cc8b1cd5,,,excluded: generated build/simulator/IDE artifact or historical output,
BMP2COE converter.zip,x64/Debug/coe_converter.tlog/coe_converter.lastbuildstate,232,97b4e4d5666dd63d37c285cc0c1f766062869bb8dc517530414f21c46814847d,,,excluded: generated build/simulator/IDE artifact or historical output,
BMP2COE converter.zip,x64/Debug/coe_converter.tlog/link.command.1.tlog,3166,3402960e07c453c4428fd28b665f6db93a3262ada20c7fb4c07bfa4a20450704,,,excluded: generated build/simulator/IDE artifact or historical output,
BMP2COE converter.zip,x64/Debug/coe_converter.tlog/link.read.1.tlog,7054,e8bcc7a60ae80af45cbfdc97384e2336488f91a110708bd8ab8f395e9c7fe73f,,,excluded: generated build/simulator/IDE artifact or historical output,
BMP2COE converter.zip,x64/Debug/coe_converter.tlog/link.write.1.tlog,1626,9173e59a65e96918c4473e10a6ab321f6a3ae837b99653019ffb19da27bc4d09,,,excluded: generated build/simulator/IDE artifact or historical output,
BMP2COE converter.zip,x64/Debug/coe_converter.vcxproj.FileListAbsolute.txt,227,481e7d0999d185dadc84b879ba1c255dedb6535de9a60c99813eadbf77213a32,,,excluded: generated build/simulator/IDE artifact or historical output,
BMP2COE converter.zip,x64/Debug/main.obj,30565,a5b7efc41998fd59452b37cf413a5c438a9c62c3c7d3eca793b5827dea3f6a1e,,,excluded: generated build/simulator/IDE artifact or historical output,
BMP2COE converter.zip,x64/Debug/vc142.idb,420864,de592c87814adfe1fccf258a579f25bee6f74249e07e134bc9509f78df01ab56,,,excluded: generated build/simulator/IDE artifact or historical output,
BMP2COE converter.zip,x64/Debug/vc142.pdb,151552,91abbcec7962e458446dbd84cbc855c1faa603748c35b12095bda8edd332f8cc,,,excluded: generated build/simulator/IDE artifact or historical output,
